Station MAC, First time seen, Last time seen, Power, # packets, BSSID, Probed ESSIDs
00:0E:58:12:1C:5B, 2020-12-20 13:10:46, 2020-12-20 13:10:50, -66,       95, 78:28:CA:C3:F7:17,Sonos_Cr28BLh2UVPK2bdMZbhZfdUE90
78:28:CA:C3:F6:E7, 2020-12-20 13:10:50, 2020-12-20 13:10:50, -44,        2, (not associated) ,Sonos_Cr28BLh2UVPK2bdMZbhZfdUE90
78:28:CA:C3:F7:17, 2020-12-20 13:10:50, 2020-12-20 13:10:50, -49,        2, (not associated) ,Sonos_Cr28BLh2UVPK2bdMZbhZfdUE90
Station MAC, First time seen, Last time seen, Power, # packets, BSSID, Probed ESSIDs
00:0E:58:12:1C:5B, 2020-12-20 13:10:46, 2020-12-20 13:10:50, -66,       95, 78:28:CA:C3:F7:17,Sonos_Cr28BLh2UVPK2bdMZbhZfdUE90
78:28:CA:C3:F6:E7, 2020-12-20 13:10:50, 2020-12-20 13:10:50, -44,        2, (not associated) ,Sonos_Cr28BLh2UVPK2bdMZbhZfdUE90
78:28:CA:C3:F7:17, 2020-12-20 13:10:50, 2020-12-20 13:10:50, -49,        2, (not associated) ,Sonos_Cr28BLh2UVPK2bdMZbhZfdUE90
Station MAC, First time seen, Last time seen, Power, # packets, BSSID, Probed ESSIDs
00:0E:58:12:1C:5B, 2020-12-20 13:10:46, 2020-12-20 13:10:50, -66,       95, 78:28:CA:C3:F7:17,Sonos_Cr28BLh2UVPK2bdMZbhZfdUE90
78:28:CA:C3:F6:E7, 2020-12-20 13:10:50, 2020-12-20 13:10:50, -44,        2, (not associated) ,Sonos_Cr28BLh2UVPK2bdMZbhZfdUE90
78:28:CA:C3:F7:17, 2020-12-20 13:10:50, 2020-12-20 13:10:50, -49,        2, (not associated) ,Sonos_Cr28BLh2UVPK2bdMZbhZfdUE90
Station MAC, First time seen, Last time seen, Power, # packets, BSSID, Probed ESSIDs
00:0E:58:12:1C:5B, 2020-12-20 13:10:46, 2020-12-20 13:10:50, -66,       95, 78:28:CA:C3:F7:17,Sonos_Cr28BLh2UVPK2bdMZbhZfdUE90
78:28:CA:C3:F6:E7, 2020-12-20 13:10:50, 2020-12-20 13:10:50, -44,        2, (not associated) ,Sonos_Cr28BLh2UVPK2bdMZbhZfdUE90
78:28:CA:C3:F7:17, 2020-12-20 13:10:50, 2020-12-20 13:10:50, -49,        2, (not associated) ,Sonos_Cr28BLh2UVPK2bdMZbhZfdUE90
Station MAC, First time seen, Last time seen, Power, # packets, BSSID, Probed ESSIDs
00:0E:58:12:1C:5B, 2020-12-20 13:10:46, 2020-12-20 13:10:50, -66,       95, 78:28:CA:C3:F7:17,Sonos_Cr28BLh2UVPK2bdMZbhZfdUE90
78:28:CA:C3:F6:E7, 2020-12-20 13:10:50, 2020-12-20 13:10:50, -44,        2, (not associated) ,Sonos_Cr28BLh2UVPK2bdMZbhZfdUE90
78:28:CA:C3:F7:17, 2020-12-20 13:10:50, 2020-12-20 13:10:50, -49,        2, (not associated) ,Sonos_Cr28BLh2UVPK2bdMZbhZfdUE90
Station MAC, First time seen, Last time seen, Power, # packets, BSSID, Probed ESSIDs
00:0E:58:12:1C:5B, 2020-12-20 13:10:46, 2020-12-20 13:10:50, -66,       95, 78:28:CA:C3:F7:17,Sonos_Cr28BLh2UVPK2bdMZbhZfdUE90
78:28:CA:C3:F6:E7, 2020-12-20 13:10:50, 2020-12-20 13:10:50, -44,        2, (not associated) ,Sonos_Cr28BLh2UVPK2bdMZbhZfdUE90
78:28:CA:C3:F7:17, 2020-12-20 13:10:50, 2020-12-20 13:10:50, -49,        2, (not associated) ,Sonos_Cr28BLh2UVPK2bdMZbhZfdUE90
Station MAC, First time seen, Last time seen, Power, # packets, BSSID, Probed ESSIDs
00:0E:58:12:1C:5B, 2020-12-20 13:10:46, 2020-12-20 13:10:50, -66,       95, 78:28:CA:C3:F7:17,Sonos_Cr28BLh2UVPK2bdMZbhZfdUE90
78:28:CA:C3:F6:E7, 2020-12-20 13:10:50, 2020-12-20 13:10:50, -44,        2, (not associated) ,Sonos_Cr28BLh2UVPK2bdMZbhZfdUE90
78:28:CA:C3:F7:17, 2020-12-20 13:10:50, 2020-12-20 13:10:50, -49,        2, (not associated) ,Sonos_Cr28BLh2UVPK2bdMZbhZfdUE90
Station MAC, First time seen, Last time seen, Power, # packets, BSSID, Probed ESSIDs
00:0E:58:12:1C:5B, 2020-12-20 13:10:46, 2020-12-20 13:10:50, -66,       95, 78:28:CA:C3:F7:17,Sonos_Cr28BLh2UVPK2bdMZbhZfdUE90
78:28:CA:C3:F6:E7, 2020-12-20 13:10:50, 2020-12-20 13:10:50, -44,        2, (not associated) ,Sonos_Cr28BLh2UVPK2bdMZbhZfdUE90
78:28:CA:C3:F7:17, 2020-12-20 13:10:50, 2020-12-20 13:10:50, -49,        2, (not associated) ,Sonos_Cr28BLh2UVPK2bdMZbhZfdUE90
Station MAC, First time seen, Last time seen, Power, # packets, BSSID, Probed ESSIDs
00:0E:58:12:1C:5B, 2020-12-20 13:10:46, 2020-12-20 13:10:50, -66,       95, 78:28:CA:C3:F7:17,Sonos_Cr28BLh2UVPK2bdMZbhZfdUE90
78:28:CA:C3:F6:E7, 2020-12-20 13:10:50, 2020-12-20 13:10:50, -44,        2, (not associated) ,Sonos_Cr28BLh2UVPK2bdMZbhZfdUE90
78:28:CA:C3:F7:17, 2020-12-20 13:10:50, 2020-12-20 13:10:50, -49,        2, (not associated) ,Sonos_Cr28BLh2UVPK2bdMZbhZfdUE90
Station MAC, First time seen, Last time seen, Power, # packets, BSSID, Probed ESSIDs
00:0E:58:12:1C:5B, 2020-12-20 13:10:46, 2020-12-20 13:10:50, -66,       95, 78:28:CA:C3:F7:17,Sonos_Cr28BLh2UVPK2bdMZbhZfdUE90
78:28:CA:C3:F6:E7, 2020-12-20 13:10:50, 2020-12-20 13:10:50, -44,        2, (not associated) ,Sonos_Cr28BLh2UVPK2bdMZbhZfdUE90
78:28:CA:C3:F7:17, 2020-12-20 13:10:50, 2020-12-20 13:10:50, -49,        2, (not associated) ,Sonos_Cr28BLh2UVPK2bdMZbhZfdUE90
Station MAC, First time seen, Last time seen, Power, # packets, BSSID, Probed ESSIDs
00:0E:58:12:1C:5B, 2020-12-20 13:10:46, 2020-12-20 13:10:50, -66,       95, 78:28:CA:C3:F7:17,Sonos_Cr28BLh2UVPK2bdMZbhZfdUE90
78:28:CA:C3:F6:E7, 2020-12-20 13:10:50, 2020-12-20 13:10:50, -44,        2, (not associated) ,Sonos_Cr28BLh2UVPK2bdMZbhZfdUE90
78:28:CA:C3:F7:17, 2020-12-20 13:10:50, 2020-12-20 13:10:50, -49,        2, (not associated) ,Sonos_Cr28BLh2UVPK2bdMZbhZfdUE90
Station MAC, First time seen, Last time seen, Power, # packets, BSSID, Probed ESSIDs
00:0E:58:12:1C:5B, 2020-12-20 13:10:46, 2020-12-20 13:10:50, -66,       95, 78:28:CA:C3:F7:17,Sonos_Cr28BLh2UVPK2bdMZbhZfdUE90
78:28:CA:C3:F6:E7, 2020-12-20 13:10:50, 2020-12-20 13:10:50, -44,        2, (not associated) ,Sonos_Cr28BLh2UVPK2bdMZbhZfdUE90
78:28:CA:C3:F7:17, 2020-12-20 13:10:50, 2020-12-20 13:10:50, -49,        2, (not associated) ,Sonos_Cr28BLh2UVPK2bdMZbhZfdUE90
Station MAC, First time seen, Last time seen, Power, # packets, BSSID, Probed ESSIDs
00:0E:58:12:1C:5B, 2020-12-20 13:10:46, 2020-12-20 13:10:50, -66,       95, 78:28:CA:C3:F7:17,Sonos_Cr28BLh2UVPK2bdMZbhZfdUE90
78:28:CA:C3:F6:E7, 2020-12-20 13:10:50, 2020-12-20 13:10:50, -44,        2, (not associated) ,Sonos_Cr28BLh2UVPK2bdMZbhZfdUE90
78:28:CA:C3:F7:17, 2020-12-20 13:10:50, 2020-12-20 13:10:50, -49,        2, (not associated) ,Sonos_Cr28BLh2UVPK2bdMZbhZfdUE90
Station MAC, First time seen, Last time seen, Power, # packets, BSSID, Probed ESSIDs
00:0E:58:12:1C:5B, 2020-12-20 13:10:46, 2020-12-20 13:10:50, -66,       95, 78:28:CA:C3:F7:17,Sonos_Cr28BLh2UVPK2bdMZbhZfdUE90
78:28:CA:C3:F6:E7, 2020-12-20 13:10:50, 2020-12-20 13:10:50, -44,        2, (not associated) ,Sonos_Cr28BLh2UVPK2bdMZbhZfdUE90
78:28:CA:C3:F7:17, 2020-12-20 13:10:50, 2020-12-20 13:10:50, -49,        2, (not associated) ,Sonos_Cr28BLh2UVPK2bdMZbhZfdUE90
Station MAC, First time seen, Last time seen, Power, # packets, BSSID, Probed ESSIDs
00:0E:58:12:1C:5B, 2020-12-20 13:10:46, 2020-12-20 13:10:50, -66,       95, 78:28:CA:C3:F7:17,Sonos_Cr28BLh2UVPK2bdMZbhZfdUE90
78:28:CA:C3:F6:E7, 2020-12-20 13:10:50, 2020-12-20 13:10:50, -44,        2, (not associated) ,Sonos_Cr28BLh2UVPK2bdMZbhZfdUE90
78:28:CA:C3:F7:17, 2020-12-20 13:10:50, 2020-12-20 13:10:50, -49,        2, (not associated) ,Sonos_Cr28BLh2UVPK2bdMZbhZfdUE90
Station MAC, First time seen, Last time seen, Power, # packets, BSSID, Probed ESSIDs
00:0E:58:12:1C:5B, 2020-12-20 13:10:46, 2020-12-20 13:10:50, -66,       95, 78:28:CA:C3:F7:17,Sonos_Cr28BLh2UVPK2bdMZbhZfdUE90
78:28:CA:C3:F6:E7, 2020-12-20 13:10:50, 2020-12-20 13:10:50, -44,        2, (not associated) ,Sonos_Cr28BLh2UVPK2bdMZbhZfdUE90
78:28:CA:C3:F7:17, 2020-12-20 13:10:50, 2020-12-20 13:10:50, -49,        2, (not associated) ,Sonos_Cr28BLh2UVPK2bdMZbhZfdUE90
Station MAC, First time seen, Last time seen, Power, # packets, BSSID, Probed ESSIDs
00:0E:58:12:1C:5B, 2020-12-20 13:10:46, 2020-12-20 13:10:50, -66,       95, 78:28:CA:C3:F7:17,Sonos_Cr28BLh2UVPK2bdMZbhZfdUE90
78:28:CA:C3:F6:E7, 2020-12-20 13:10:50, 2020-12-20 13:10:50, -44,        2, (not associated) ,Sonos_Cr28BLh2UVPK2bdMZbhZfdUE90
78:28:CA:C3:F7:17, 2020-12-20 13:10:50, 2020-12-20 13:10:50, -49,        2, (not associated) ,Sonos_Cr28BLh2UVPK2bdMZbhZfdUE90
Station MAC, First time seen, Last time seen, Power, # packets, BSSID, Probed ESSIDs
00:0E:58:12:1C:5B, 2020-12-20 13:10:46, 2020-12-20 13:10:50, -66,       95, 78:28:CA:C3:F7:17,Sonos_Cr28BLh2UVPK2bdMZbhZfdUE90
78:28:CA:C3:F6:E7, 2020-12-20 13:10:50, 2020-12-20 13:10:50, -44,        2, (not associated) ,Sonos_Cr28BLh2UVPK2bdMZbhZfdUE90
78:28:CA:C3:F7:17, 2020-12-20 13:10:50, 2020-12-20 13:10:50, -49,        2, (not associated) ,Sonos_Cr28BLh2UVPK2bdMZbhZfdUE90
Station MAC, First time seen, Last time seen, Power, # packets, BSSID, Probed ESSIDs
00:0E:58:12:1C:5B, 2020-12-20 13:10:46, 2020-12-20 13:10:50, -66,       95, 78:28:CA:C3:F7:17,Sonos_Cr28BLh2UVPK2bdMZbhZfdUE90
78:28:CA:C3:F6:E7, 2020-12-20 13:10:50, 2020-12-20 13:10:50, -44,        2, (not associated) ,Sonos_Cr28BLh2UVPK2bdMZbhZfdUE90
78:28:CA:C3:F7:17, 2020-12-20 13:10:50, 2020-12-20 13:10:50, -49,        2, (not associated) ,Sonos_Cr28BLh2UVPK2bdMZbhZfdUE90
Station MAC, First time seen, Last time seen, Power, # packets, BSSID, Probed ESSIDs
00:0E:58:12:1C:5B, 2020-12-20 13:10:46, 2020-12-20 13:10:50, -66,       95, 78:28:CA:C3:F7:17,Sonos_Cr28BLh2UVPK2bdMZbhZfdUE90
78:28:CA:C3:F6:E7, 2020-12-20 13:10:50, 2020-12-20 13:10:50, -44,        2, (not associated) ,Sonos_Cr28BLh2UVPK2bdMZbhZfdUE90
78:28:CA:C3:F7:17, 2020-12-20 13:10:50, 2020-12-20 13:10:50, -49,        2, (not associated) ,Sonos_Cr28BLh2UVPK2bdMZbhZfdUE90
Station MAC, First time seen, Last time seen, Power, # packets, BSSID, Probed ESSIDs
00:0E:58:12:1C:5B, 2020-12-20 13:10:46, 2020-12-20 13:10:50, -66,       95, 78:28:CA:C3:F7:17,Sonos_Cr28BLh2UVPK2bdMZbhZfdUE90
78:28:CA:C3:F6:E7, 2020-12-20 13:10:50, 2020-12-20 13:10:50, -44,        2, (not associated) ,Sonos_Cr28BLh2UVPK2bdMZbhZfdUE90
78:28:CA:C3:F7:17, 2020-12-20 13:10:50, 2020-12-20 13:10:50, -49,        2, (not associated) ,Sonos_Cr28BLh2UVPK2bdMZbhZfdUE90
Station MAC, First time seen, Last time seen, Power, # packets, BSSID, Probed ESSIDs
00:0E:58:12:1C:5B, 2020-12-20 13:10:46, 2020-12-20 13:10:50, -66,       95, 78:28:CA:C3:F7:17,Sonos_Cr28BLh2UVPK2bdMZbhZfdUE90
78:28:CA:C3:F6:E7, 2020-12-20 13:10:50, 2020-12-20 13:10:50, -44,        2, (not associated) ,Sonos_Cr28BLh2UVPK2bdMZbhZfdUE90
78:28:CA:C3:F7:17, 2020-12-20 13:10:50, 2020-12-20 13:10:50, -49,        2, (not associated) ,Sonos_Cr28BLh2UVPK2bdMZbhZfdUE90
Station MAC, First time seen, Last time seen, Power, # packets, BSSID, Probed ESSIDs
00:0E:58:12:1C:5B, 2020-12-20 13:10:46, 2020-12-20 13:10:50, -66,       95, 78:28:CA:C3:F7:17,Sonos_Cr28BLh2UVPK2bdMZbhZfdUE90
78:28:CA:C3:F6:E7, 2020-12-20 13:10:50, 2020-12-20 13:10:50, -44,        2, (not associated) ,Sonos_Cr28BLh2UVPK2bdMZbhZfdUE90
78:28:CA:C3:F7:17, 2020-12-20 13:10:50, 2020-12-20 13:10:50, -49,        2, (not associated) ,Sonos_Cr28BLh2UVPK2bdMZbhZfdUE90
Station MAC, First time seen, Last time seen, Power, # packets, BSSID, Probed ESSIDs
00:0E:58:12:1C:5B, 2020-12-20 13:10:46, 2020-12-20 13:10:50, -66,       95, 78:28:CA:C3:F7:17,Sonos_Cr28BLh2UVPK2bdMZbhZfdUE90
78:28:CA:C3:F6:E7, 2020-12-20 13:10:50, 2020-12-20 13:10:50, -44,        2, (not associated) ,Sonos_Cr28BLh2UVPK2bdMZbhZfdUE90
78:28:CA:C3:F7:17, 2020-12-20 13:10:50, 2020-12-20 13:10:50, -49,        2, (not associated) ,Sonos_Cr28BLh2UVPK2bdMZbhZfdUE90
Station MAC, First time seen, Last time seen, Power, # packets, BSSID, Probed ESSIDs
00:0E:58:12:1C:5B, 2020-12-20 13:10:46, 2020-12-20 13:10:50, -66,       95, 78:28:CA:C3:F7:17,Sonos_Cr28BLh2UVPK2bdMZbhZfdUE90
78:28:CA:C3:F6:E7, 2020-12-20 13:10:50, 2020-12-20 13:10:50, -44,        2, (not associated) ,Sonos_Cr28BLh2UVPK2bdMZbhZfdUE90
78:28:CA:C3:F7:17, 2020-12-20 13:10:50, 2020-12-20 13:10:50, -49,        2, (not associated) ,Sonos_Cr28BLh2UVPK2bdMZbhZfdUE90
Station MAC, First time seen, Last time seen, Power, # packets, BSSID, Probed ESSIDs
00:0E:58:12:1C:5B, 2020-12-20 13:10:46, 2020-12-20 13:10:50, -66,       95, 78:28:CA:C3:F7:17,Sonos_Cr28BLh2UVPK2bdMZbhZfdUE90
78:28:CA:C3:F6:E7, 2020-12-20 13:10:50, 2020-12-20 13:10:50, -44,        2, (not associated) ,Sonos_Cr28BLh2UVPK2bdMZbhZfdUE90
78:28:CA:C3:F7:17, 2020-12-20 13:10:50, 2020-12-20 13:10:50, -49,        2, (not associated) ,Sonos_Cr28BLh2UVPK2bdMZbhZfdUE90
Station MAC, First time seen, Last time seen, Power, # packets, BSSID, Probed ESSIDs
00:0E:58:12:1C:5B, 2020-12-20 13:10:46, 2020-12-20 13:10:50, -66,       95, 78:28:CA:C3:F7:17,Sonos_Cr28BLh2UVPK2bdMZbhZfdUE90
78:28:CA:C3:F6:E7, 2020-12-20 13:10:50, 2020-12-20 13:10:50, -44,        2, (not associated) ,Sonos_Cr28BLh2UVPK2bdMZbhZfdUE90
78:28:CA:C3:F7:17, 2020-12-20 13:10:50, 2020-12-20 13:10:50, -49,        2, (not associated) ,Sonos_Cr28BLh2UVPK2bdMZbhZfdUE90
Station MAC, First time seen, Last time seen, Power, # packets, BSSID, Probed ESSIDs
00:0E:58:12:1C:5B, 2020-12-20 13:10:46, 2020-12-20 13:10:50, -66,       95, 78:28:CA:C3:F7:17,Sonos_Cr28BLh2UVPK2bdMZbhZfdUE90
78:28:CA:C3:F6:E7, 2020-12-20 13:10:50, 2020-12-20 13:10:50, -44,        2, (not associated) ,Sonos_Cr28BLh2UVPK2bdMZbhZfdUE90
78:28:CA:C3:F7:17, 2020-12-20 13:10:50, 2020-12-20 13:10:50, -49,        2, (not associated) ,Sonos_Cr28BLh2UVPK2bdMZbhZfdUE90
Station MAC, First time seen, Last time seen, Power, # packets, BSSID, Probed ESSIDs
00:0E:58:12:1C:5B, 2020-12-20 16:47:19, 2020-12-20 16:47:20, -71,       90, 78:28:CA:C3:F7:17,Sonos_Cr28BLh2UVPK2bdMZbhZfdUE90
78:28:CA:C3:F6:E7, 2020-12-20 16:47:20, 2020-12-20 16:47:20, -45,        2, (not associated) ,Sonos_Cr28BLh2UVPK2bdMZbhZfdUE90
78:28:CA:C3:F7:17, 2020-12-20 16:47:20, 2020-12-20 16:47:20, -46,        2, (not associated) ,Sonos_Cr28BLh2UVPK2bdMZbhZfdUE90
Station MAC, First time seen, Last time seen, Power, # packets, BSSID, Probed ESSIDs
00:0E:58:12:1C:5B, 2020-12-20 16:47:19, 2020-12-20 16:47:20, -71,       90, 78:28:CA:C3:F7:17,Sonos_Cr28BLh2UVPK2bdMZbhZfdUE90
78:28:CA:C3:F6:E7, 2020-12-20 16:47:20, 2020-12-20 16:47:20, -45,        2, (not associated) ,Sonos_Cr28BLh2UVPK2bdMZbhZfdUE90
78:28:CA:C3:F7:17, 2020-12-20 16:47:20, 2020-12-20 16:47:20, -46,        2, (not associated) ,Sonos_Cr28BLh2UVPK2bdMZbhZfdUE90
Station MAC, First time seen, Last time seen, Power, # packets, BSSID, Probed ESSIDs
00:0E:58:12:1C:5B, 2020-12-20 16:47:19, 2020-12-20 16:47:20, -71,       90, 78:28:CA:C3:F7:17,Sonos_Cr28BLh2UVPK2bdMZbhZfdUE90
78:28:CA:C3:F6:E7, 2020-12-20 16:47:20, 2020-12-20 16:47:20, -45,        2, (not associated) ,Sonos_Cr28BLh2UVPK2bdMZbhZfdUE90
78:28:CA:C3:F7:17, 2020-12-20 16:47:20, 2020-12-20 16:47:20, -46,        2, (not associated) ,Sonos_Cr28BLh2UVPK2bdMZbhZfdUE90
Station MAC, First time seen, Last time seen, Power, # packets, BSSID, Probed ESSIDs
C8:69:CD:19:75:2A, 2020-12-20 16:57:26, 2020-12-20 16:57:26, -88,        4, 00:A0:57:3B:59:0E,
00:0E:58:12:1C:5B, 2020-12-20 16:57:23, 2020-12-20 16:57:35, -67,      188, 78:28:CA:C3:F7:17,Sonos_Cr28BLh2UVPK2bdMZbhZfdUE90
78:28:CA:C3:F6:E7, 2020-12-20 16:57:23, 2020-12-20 16:57:35,   0,        5, 00:0E:58:12:1C:5B,Sonos_Cr28BLh2UVPK2bdMZbhZfdUE90
78:28:CA:C3:F7:17, 2020-12-20 16:57:23, 2020-12-20 16:57:35, -51,        5, 00:0E:58:12:1C:5B,Sonos_Cr28BLh2UVPK2bdMZbhZfdUE90
Station MAC, First time seen, Last time seen, Power, # packets, BSSID, Probed ESSIDs
C8:69:CD:19:75:2A, 2020-12-20 16:57:26, 2020-12-20 16:57:26, -88,        4, 00:A0:57:3B:59:0E,
16:52:DB:51:BC:92, 2020-12-20 16:58:17, 2020-12-20 16:58:17, -84,        2, (not associated) ,
00:0E:58:12:1C:5B, 2020-12-20 16:57:23, 2020-12-20 16:58:50, -68,     1129, 78:28:CA:C3:F7:17,Sonos_Cr28BLh2UVPK2bdMZbhZfdUE90
20:DF:B9:7E:8D:D9, 2020-12-20 16:57:57, 2020-12-20 16:57:58, -63,       28, (not associated) ,LANCOM
78:28:CA:C3:F6:E7, 2020-12-20 16:57:23, 2020-12-20 16:58:46, -47,       23, 00:0E:58:12:1C:5B,Sonos_Cr28BLh2UVPK2bdMZbhZfdUE90
78:28:CA:C3:F7:17, 2020-12-20 16:57:23, 2020-12-20 16:58:46, -46,       28, 00:0E:58:12:1C:5B,Sonos_Cr28BLh2UVPK2bdMZbhZfdUE90
06:AF:9E:41:07:A6, 2020-12-20 16:58:47, 2020-12-20 16:58:47, -85,        2, (not associated) ,
:9C:6A:21:E9:46, 2020-12-20 16:59:05, 2020-12-20 16:59:05, -93,        1, (not associated) ,
Station MAC, First time seen, Last time seen, Power, # packets, BSSID, Probed ESSIDs
B8:27:EB:B9:E4:8B, 2020-12-20 17:01:21, 2020-12-20 17:01:21, -46,        9, (not associated) ,
64:70:33:E4:0E:94, 2020-12-20 17:01:21, 2020-12-20 17:01:21, -84,        5, (not associated) ,LANCOM
66:32:1E:3B:2F:2C, 2020-12-20 16:59:17, 2020-12-20 17:01:21, -89,       10, (not associated) ,LANCOM
38:EA:A7:C8:D8:97, 2020-12-20 17:00:41, 2020-12-20 17:00:41, -60,        2, 00:A0:57:3B:59:0E,
A2:53:56:6A:F2:B6, 2020-12-20 16:59:48, 2020-12-20 16:59:52, -87,        4, 00:25:00:FF:94:73,
C8:69:CD:19:75:2A, 2020-12-20 16:57:26, 2020-12-20 16:59:56, -89,        7, 00:A0:57:3B:59:0E,
00:1B:EA:F2:DD:9F, 2020-12-20 16:59:10, 2020-12-20 16:59:40, -64,      309, (not associated) ,LANCOM
A6:9C:6A:21:E9:46, 2020-12-20 16:59:05, 2020-12-20 16:59:05, -93,        1, (not associated) ,
16:52:DB:51:BC:92, 2020-12-20 16:58:17, 2020-12-20 16:58:17, -84,        2, (not associated) ,
06:AF:9E:41:07:A6, 2020-12-20 16:58:47, 2020-12-20 16:58:47, -85,        2, (not associated) ,
14:02:62:B3:1A:3E, 2020-12-20 16:59:34, 2020-12-20 16:59:34, -79,        2, (not associated) ,
D8:00:4D:EC:23:2C, 2020-12-20 16:59:46, 2020-12-20 16:59:46, -89,        1, (not associated) ,LANCOM
FA:78:E9:E0:58:7F, 2020-12-20 17:00:51, 2020-12-20 17:00:51, -83,        1, (not associated) ,
80:C5:F2:C5:67:CD, 2020-12-20 17:01:22, 2020-12-20 17:01:22, -61,        1, 00:A0:57:3B:59:0E,
A4:CF:12:13:FC:74, 2020-12-20 17:02:15, 2020-12-20 17:02:15, -86,        1, 00:A0:57:3B:59:0E,
34:E2:FD:90:5B:2F, 2020-12-20 16:59:22, 2020-12-20 17:02:22, -75,       11, 00:A0:57:3B:59:0E,LANCOM
20:DF:B9:7E:8D:D9, 2020-12-20 16:57:57, 2020-12-20 17:02:14, -73,      109, (not associated) ,LANCOM
00:0E:58:12:1C:5B, 2020-12-20 16:57:23, 2020-12-20 17:02:50, -63,     4187, 78:28:CA:C3:F7:17,Sonos_Cr28BLh2UVPK2bdMZbhZfdUE90
78:28:CA:C3:F7:17, 2020-12-20 16:57:23, 2020-12-20 17:02:50, -48,      104, 00:0E:58:12:1C:5B,Sonos_Cr28BLh2UVPK2bdMZbhZfdUE90
78:28:CA:C3:F6:E7, 2020-12-20 16:57:23, 2020-12-20 17:02:50, -46,       89, 00:0E:58:12:1C:5B,Sonos_Cr28BLh2UVPK2bdMZbhZfdUE90
Station MAC, First time seen, Last time seen, Power, # packets, BSSID, Probed ESSIDs
00:5B:94:AA:5E:18, 2020-12-20 17:05:23, 2020-12-20 17:09:20, -80,       13, 00:A0:57:3B:59:0E,
9E:7B:B1:BA:EA:0F, 2020-12-20 17:07:40, 2020-12-20 17:07:40, -37,        1, (not associated) ,
59:5B:7E:66:05:A4, 2020-12-20 17:07:04, 2020-12-20 17:07:04, -78,        2, (not associated) ,
92:70:2C:D4:90:9B, 2020-12-20 17:06:45, 2020-12-20 17:06:45, -37,        1, (not associated) ,
00:00:FF:FF:FF:FF, 2020-12-20 17:05:00, 2020-12-20 17:06:20,  -1,        2, FF:FF:38:EA:A7:C8,
B8:27:EB:B9:E4:8B, 2020-12-20 17:01:21, 2020-12-20 17:06:21, -42,       18, (not associated) ,
A2:2F:E8:46:61:D0, 2020-12-20 17:05:53, 2020-12-20 17:05:53, -38,        2, (not associated) ,
EC:C2:1C:38:2D:DD, 2020-12-20 17:05:16, 2020-12-20 17:05:16, -81,        1, (not associated) ,
62:E6:42:BC:B0:6A, 2020-12-20 17:04:43, 2020-12-20 17:04:43, -40,        2, (not associated) ,
FA:60:24:FC:D8:1B, 2020-12-20 17:04:17, 2020-12-20 17:04:17, -84,        1, (not associated) ,
64:70:33:E4:0E:94, 2020-12-20 17:01:21, 2020-12-20 17:01:21, -84,        5, (not associated) ,LANCOM
66:32:1E:3B:2F:2C, 2020-12-20 16:59:17, 2020-12-20 17:01:21, -89,       10, (not associated) ,LANCOM
38:EA:A7:C8:D8:97, 2020-12-20 17:00:41, 2020-12-20 17:00:41, -60,        2, 00:A0:57:3B:59:0E,
A6:9C:6A:21:E9:46, 2020-12-20 16:59:05, 2020-12-20 16:59:05, -93,        1, (not associated) ,
16:52:DB:51:BC:92, 2020-12-20 16:58:17, 2020-12-20 16:58:17, -84,        2, (not associated) ,
06:AF:9E:41:07:A6, 2020-12-20 16:58:47, 2020-12-20 16:58:47, -85,        2, (not associated) ,
14:02:62:B3:1A:3E, 2020-12-20 16:59:34, 2020-12-20 16:59:34, -79,        2, (not associated) ,
FA:78:E9:E0:58:7F, 2020-12-20 17:00:51, 2020-12-20 17:00:51, -83,        1, (not associated) ,
26:28:15:49:C1:53, 2020-12-20 17:03:35, 2020-12-20 17:03:35, -38,        2, (not associated) ,
F7:17:00:0E:58:12, 2020-12-20 17:04:01, 2020-12-20 17:04:35, -71,        2, 1C:5B:78:28:CA:C3,
80:C5:F2:C5:67:CD, 2020-12-20 17:01:22, 2020-12-20 17:06:27,   0,        2, 00:A0:57:3B:59:0E,
DC:9B:9C:0B:AD:09, 2020-12-20 17:05:12, 2020-12-20 17:08:15, -84,       17, 00:A0:57:3B:59:0E,LANCOM
A4:CF:12:13:FC:74, 2020-12-20 17:02:15, 2020-12-20 17:09:27, -86,        7, 00:A0:57:3B:59:0E,
A2:53:56:6A:F2:B6, 2020-12-20 16:59:48, 2020-12-20 17:09:53, -86,       26, 00:25:00:FF:94:73,
C8:69:CD:19:75:2A, 2020-12-20 16:57:26, 2020-12-20 17:10:31, -84,       23, 00:A0:57:3B:59:0E,
D8:00:4D:EC:23:2C, 2020-12-20 16:59:46, 2020-12-20 17:09:46, -82,        9, 00:A0:57:3B:59:0E,LANCOM
00:0E:58:12:1C:5B, 2020-12-20 16:57:23, 2020-12-20 17:10:36, -69,    10100, 78:28:CA:C3:F7:17,Sonos_Cr28BLh2UVPK2bdMZbhZfdUE90
34:E2:FD:90:5B:2F, 2020-12-20 16:59:22, 2020-12-20 17:10:31, -77,       66, 00:A0:57:3B:59:0E,LANCOM
00:1B:EA:F2:DD:9F, 2020-12-20 16:59:10, 2020-12-20 17:09:40, -69,      951, (not associated) ,LANCOM
20:DF:B9:7E:8D:D9, 2020-12-20 16:57:57, 2020-12-20 17:09:42, -67,      223, (not associated) ,LANCOM
78:28:CA:C3:F6:E7, 2020-12-20 16:57:23, 2020-12-20 17:10:36, -46,      224, 00:0E:58:12:1C:5B,Sonos_Cr28BLh2UVPK2bdMZbhZfdUE90
78:28:CA:C3:F7:17, 2020-12-20 16:57:23, 2020-12-20 17:10:36, -50,      248, 00:0E:58:12:1C:5B,Sonos_Cr28BLh2UVPK2bdMZbhZfdUE90
:AF:87:22:9D:24, 2020-12-20 17:10:51, 2020-12-20 17:10:51, -46,        2, (not associated) ,
Station MAC, First time seen, Last time seen, Power, # packets, BSSID, Probed ESSIDs
20:DF:B9:7E:8D:D9, 2020-12-20 16:57:57, 2020-12-20 17:11:49, -67,      258, (not associated) ,LANCOM
C8:69:CD:19:75:2A, 2020-12-20 16:57:26, 2020-12-20 17:10:31, -84,       23, 00:A0:57:3B:59:0E,
A2:53:56:6A:F2:B6, 2020-12-20 16:59:48, 2020-12-20 17:09:53, -86,       26, 00:25:00:FF:94:73,
00:1B:EA:F2:DD:9F, 2020-12-20 16:59:10, 2020-12-20 17:09:40, -69,      951, (not associated) ,LANCOM
00:5B:94:AA:5E:18, 2020-12-20 17:05:23, 2020-12-20 17:09:20, -80,       13, 00:A0:57:3B:59:0E,
9E:7B:B1:BA:EA:0F, 2020-12-20 17:07:40, 2020-12-20 17:07:40, -37,        1, (not associated) ,
59:5B:7E:66:05:A4, 2020-12-20 17:07:04, 2020-12-20 17:07:04, -78,        2, (not associated) ,
92:70:2C:D4:90:9B, 2020-12-20 17:06:45, 2020-12-20 17:06:45, -37,        1, (not associated) ,
00:00:FF:FF:FF:FF, 2020-12-20 17:05:00, 2020-12-20 17:06:20,  -1,        2, FF:FF:38:EA:A7:C8,
A2:2F:E8:46:61:D0, 2020-12-20 17:05:53, 2020-12-20 17:05:53, -38,        2, (not associated) ,
EC:C2:1C:38:2D:DD, 2020-12-20 17:05:16, 2020-12-20 17:05:16, -81,        1, (not associated) ,
62:E6:42:BC:B0:6A, 2020-12-20 17:04:43, 2020-12-20 17:04:43, -40,        2, (not associated) ,
FA:60:24:FC:D8:1B, 2020-12-20 17:04:17, 2020-12-20 17:04:17, -84,        1, (not associated) ,
64:70:33:E4:0E:94, 2020-12-20 17:01:21, 2020-12-20 17:01:21, -84,        5, (not associated) ,LANCOM
66:32:1E:3B:2F:2C, 2020-12-20 16:59:17, 2020-12-20 17:01:21, -89,       10, (not associated) ,LANCOM
38:EA:A7:C8:D8:97, 2020-12-20 17:00:41, 2020-12-20 17:00:41, -60,        2, 00:A0:57:3B:59:0E,
A6:9C:6A:21:E9:46, 2020-12-20 16:59:05, 2020-12-20 16:59:05, -93,        1, (not associated) ,
16:52:DB:51:BC:92, 2020-12-20 16:58:17, 2020-12-20 16:58:17, -84,        2, (not associated) ,
06:AF:9E:41:07:A6, 2020-12-20 16:58:47, 2020-12-20 16:58:47, -85,        2, (not associated) ,
14:02:62:B3:1A:3E, 2020-12-20 16:59:34, 2020-12-20 16:59:34, -79,        2, (not associated) ,
FA:78:E9:E0:58:7F, 2020-12-20 17:00:51, 2020-12-20 17:00:51, -83,        1, (not associated) ,
26:28:15:49:C1:53, 2020-12-20 17:03:35, 2020-12-20 17:03:35, -38,        2, (not associated) ,
F7:17:00:0E:58:12, 2020-12-20 17:04:01, 2020-12-20 17:04:35, -71,        2, 1C:5B:78:28:CA:C3,
A4:CF:12:13:FC:74, 2020-12-20 17:02:15, 2020-12-20 17:09:27, -86,        7, 00:A0:57:3B:59:0E,
D8:00:4D:EC:23:2C, 2020-12-20 16:59:46, 2020-12-20 17:09:46, -82,        9, 00:A0:57:3B:59:0E,LANCOM
DC:9B:9C:0B:AD:09, 2020-12-20 17:05:12, 2020-12-20 17:10:50, -89,       19, 00:A0:57:3B:59:0E,LANCOM
34:E2:FD:90:5B:2F, 2020-12-20 16:59:22, 2020-12-20 17:11:24, -80,       76, 00:A0:57:3B:59:0E,LANCOM
00:0E:58:12:1C:5B, 2020-12-20 16:57:23, 2020-12-20 17:11:51, -73,    11052, 78:28:CA:C3:F7:17,Sonos_Cr28BLh2UVPK2bdMZbhZfdUE90
80:C5:F2:C5:67:CD, 2020-12-20 17:01:22, 2020-12-20 17:11:31, -50,        6, 00:A0:57:3B:59:0E,
78:28:CA:C3:F7:17, 2020-12-20 16:57:23, 2020-12-20 17:11:48, -47,      272, 00:0E:58:12:1C:5B,Sonos_Cr28BLh2UVPK2bdMZbhZfdUE90
78:28:CA:C3:F6:E7, 2020-12-20 16:57:23, 2020-12-20 17:11:48, -46,      245, 00:0E:58:12:1C:5B,Sonos_Cr28BLh2UVPK2bdMZbhZfdUE90
F2:AF:87:22:9D:24, 2020-12-20 17:10:51, 2020-12-20 17:10:51, -46,        2, (not associated) ,
B8:27:EB:B9:E4:8B, 2020-12-20 17:01:21, 2020-12-20 17:11:21, -40,       27, (not associated) ,
Station MAC, First time seen, Last time seen, Power, # packets, BSSID, Probed ESSIDs
F2:AF:87:22:9D:24, 2020-12-20 17:10:51, 2020-12-20 17:10:51, -46,        2, (not associated) ,
DC:9B:9C:0B:AD:09, 2020-12-20 17:05:12, 2020-12-20 17:10:50, -89,       19, 00:A0:57:3B:59:0E,LANCOM
D8:00:4D:EC:23:2C, 2020-12-20 16:59:46, 2020-12-20 17:09:46, -82,        9, 00:A0:57:3B:59:0E,LANCOM
A4:CF:12:13:FC:74, 2020-12-20 17:02:15, 2020-12-20 17:09:27, -86,        7, 00:A0:57:3B:59:0E,
F7:17:00:0E:58:12, 2020-12-20 17:04:01, 2020-12-20 17:04:35, -71,        2, 1C:5B:78:28:CA:C3,
26:28:15:49:C1:53, 2020-12-20 17:03:35, 2020-12-20 17:03:35, -38,        2, (not associated) ,
FA:78:E9:E0:58:7F, 2020-12-20 17:00:51, 2020-12-20 17:00:51, -83,        1, (not associated) ,
14:02:62:B3:1A:3E, 2020-12-20 16:59:34, 2020-12-20 16:59:34, -79,        2, (not associated) ,
06:AF:9E:41:07:A6, 2020-12-20 16:58:47, 2020-12-20 16:58:47, -85,        2, (not associated) ,
16:52:DB:51:BC:92, 2020-12-20 16:58:17, 2020-12-20 16:58:17, -84,        2, (not associated) ,
A6:9C:6A:21:E9:46, 2020-12-20 16:59:05, 2020-12-20 16:59:05, -93,        1, (not associated) ,
38:EA:A7:C8:D8:97, 2020-12-20 17:00:41, 2020-12-20 17:00:41, -60,        2, 00:A0:57:3B:59:0E,
66:32:1E:3B:2F:2C, 2020-12-20 16:59:17, 2020-12-20 17:01:21, -89,       10, (not associated) ,LANCOM
64:70:33:E4:0E:94, 2020-12-20 17:01:21, 2020-12-20 17:01:21, -84,        5, (not associated) ,LANCOM
FA:60:24:FC:D8:1B, 2020-12-20 17:04:17, 2020-12-20 17:04:17, -84,        1, (not associated) ,
62:E6:42:BC:B0:6A, 2020-12-20 17:04:43, 2020-12-20 17:04:43, -40,        2, (not associated) ,
EC:C2:1C:38:2D:DD, 2020-12-20 17:05:16, 2020-12-20 17:05:16, -81,        1, (not associated) ,
A2:2F:E8:46:61:D0, 2020-12-20 17:05:53, 2020-12-20 17:05:53, -38,        2, (not associated) ,
00:00:FF:FF:FF:FF, 2020-12-20 17:05:00, 2020-12-20 17:06:20,  -1,        2, FF:FF:38:EA:A7:C8,
92:70:2C:D4:90:9B, 2020-12-20 17:06:45, 2020-12-20 17:06:45, -37,        1, (not associated) ,
59:5B:7E:66:05:A4, 2020-12-20 17:07:04, 2020-12-20 17:07:04, -78,        2, (not associated) ,
9E:7B:B1:BA:EA:0F, 2020-12-20 17:07:40, 2020-12-20 17:07:40, -37,        1, (not associated) ,
00:5B:94:AA:5E:18, 2020-12-20 17:05:23, 2020-12-20 17:09:20, -80,       13, 00:A0:57:3B:59:0E,
00:1B:EA:F2:DD:9F, 2020-12-20 16:59:10, 2020-12-20 17:09:40, -69,      951, (not associated) ,LANCOM
A2:53:56:6A:F2:B6, 2020-12-20 16:59:48, 2020-12-20 17:09:53, -86,       26, 00:25:00:FF:94:73,
B8:27:EB:B9:E4:8B, 2020-12-20 17:01:21, 2020-12-20 17:11:21, -40,       27, (not associated) ,
80:C5:F2:C5:67:CD, 2020-12-20 17:01:22, 2020-12-20 17:11:31, -50,        6, 00:A0:57:3B:59:0E,
C8:69:CD:19:75:2A, 2020-12-20 16:57:26, 2020-12-20 17:12:42, -88,       24, 00:A0:57:3B:59:0E,
34:E2:FD:90:5B:2F, 2020-12-20 16:59:22, 2020-12-20 17:12:54, -77,       79, 00:A0:57:3B:59:0E,LANCOM
00:0E:58:12:1C:5B, 2020-12-20 16:57:23, 2020-12-20 17:13:06, -74,    12041, 78:28:CA:C3:F7:17,Sonos_Cr28BLh2UVPK2bdMZbhZfdUE90
20:DF:B9:7E:8D:D9, 2020-12-20 16:57:57, 2020-12-20 17:12:54, -62,      269, (not associated) ,LANCOM
78:28:CA:C3:F7:17, 2020-12-20 16:57:23, 2020-12-20 17:13:03, -48,      296, 00:0E:58:12:1C:5B,Sonos_Cr28BLh2UVPK2bdMZbhZfdUE90
78:28:CA:C3:F6:E7, 2020-12-20 16:57:23, 2020-12-20 17:13:03, -46,      282, 00:0E:58:12:1C:5B,Sonos_Cr28BLh2UVPK2bdMZbhZfdUE90
02:5B:93:07:DF:AA, 2020-12-20 17:13:04, 2020-12-20 17:13:04, -33,        2, (not associated) ,
02:5B:93:07:DF:AA, 2020-12-20 17:13:04, 2020-12-20 17:13:04, -33,        2, (not associated) ,
Station MAC, First time seen, Last time seen, Power, # packets, BSSID, Probed ESSIDs
F2:AF:87:22:9D:24, 2020-12-20 17:10:51, 2020-12-20 17:10:51, -46,        2, (not associated) ,
DC:9B:9C:0B:AD:09, 2020-12-20 17:05:12, 2020-12-20 17:10:50, -89,       19, 00:A0:57:3B:59:0E,LANCOM
D8:00:4D:EC:23:2C, 2020-12-20 16:59:46, 2020-12-20 17:09:46, -82,        9, 00:A0:57:3B:59:0E,LANCOM
A4:CF:12:13:FC:74, 2020-12-20 17:02:15, 2020-12-20 17:09:27, -86,        7, 00:A0:57:3B:59:0E,
26:28:15:49:C1:53, 2020-12-20 17:03:35, 2020-12-20 17:03:35, -38,        2, (not associated) ,
FA:78:E9:E0:58:7F, 2020-12-20 17:00:51, 2020-12-20 17:00:51, -83,        1, (not associated) ,
14:02:62:B3:1A:3E, 2020-12-20 16:59:34, 2020-12-20 16:59:34, -79,        2, (not associated) ,
06:AF:9E:41:07:A6, 2020-12-20 16:58:47, 2020-12-20 16:58:47, -85,        2, (not associated) ,
16:52:DB:51:BC:92, 2020-12-20 16:58:17, 2020-12-20 16:58:17, -84,        2, (not associated) ,
A6:9C:6A:21:E9:46, 2020-12-20 16:59:05, 2020-12-20 16:59:05, -93,        1, (not associated) ,
38:EA:A7:C8:D8:97, 2020-12-20 17:00:41, 2020-12-20 17:00:41, -60,        2, 00:A0:57:3B:59:0E,
66:32:1E:3B:2F:2C, 2020-12-20 16:59:17, 2020-12-20 17:01:21, -89,       10, (not associated) ,LANCOM
FA:60:24:FC:D8:1B, 2020-12-20 17:04:17, 2020-12-20 17:04:17, -84,        1, (not associated) ,
62:E6:42:BC:B0:6A, 2020-12-20 17:04:43, 2020-12-20 17:04:43, -40,        2, (not associated) ,
EC:C2:1C:38:2D:DD, 2020-12-20 17:05:16, 2020-12-20 17:05:16, -81,        1, (not associated) ,
A2:2F:E8:46:61:D0, 2020-12-20 17:05:53, 2020-12-20 17:05:53, -38,        2, (not associated) ,
00:00:FF:FF:FF:FF, 2020-12-20 17:05:00, 2020-12-20 17:06:20,  -1,        2, FF:FF:38:EA:A7:C8,
92:70:2C:D4:90:9B, 2020-12-20 17:06:45, 2020-12-20 17:06:45, -37,        1, (not associated) ,
59:5B:7E:66:05:A4, 2020-12-20 17:07:04, 2020-12-20 17:07:04, -78,        2, (not associated) ,
9E:7B:B1:BA:EA:0F, 2020-12-20 17:07:40, 2020-12-20 17:07:40, -37,        1, (not associated) ,
00:1B:EA:F2:DD:9F, 2020-12-20 16:59:10, 2020-12-20 17:09:40, -69,      951, (not associated) ,LANCOM
A2:53:56:6A:F2:B6, 2020-12-20 16:59:48, 2020-12-20 17:09:53, -86,       26, 00:25:00:FF:94:73,
B8:27:EB:B9:E4:8B, 2020-12-20 17:01:21, 2020-12-20 17:11:21, -40,       27, (not associated) ,
80:C5:F2:C5:67:CD, 2020-12-20 17:01:22, 2020-12-20 17:11:31, -50,        6, 00:A0:57:3B:59:0E,
34:E2:FD:90:5B:2F, 2020-12-20 16:59:22, 2020-12-20 17:12:54, -77,       79, 00:A0:57:3B:59:0E,LANCOM
02:5B:93:07:DF:AA, 2020-12-20 17:13:04, 2020-12-20 17:13:04, -33,        2, (not associated) ,
96:91:D3:6B:C6:26, 2020-12-20 17:13:48, 2020-12-20 17:13:48, -95,        1, (not associated) ,
72:86:CA:B2:26:63, 2020-12-20 17:13:34, 2020-12-20 17:13:34, -91,        1, (not associated) ,
3E:D9:FD:45:6B:67, 2020-12-20 17:13:34, 2020-12-20 17:13:34, -90,        1, (not associated) ,
64:70:33:E4:0E:94, 2020-12-20 17:01:21, 2020-12-20 17:13:23, -87,        8, (not associated) ,LANCOM
C8:69:CD:19:75:2A, 2020-12-20 16:57:26, 2020-12-20 17:14:09, -84,       30, 00:A0:57:3B:59:0E,
00:5B:94:AA:5E:18, 2020-12-20 17:05:23, 2020-12-20 17:14:16, -82,       18, 00:A0:57:3B:59:0E,
F7:17:00:0E:58:12, 2020-12-20 17:04:01, 2020-12-20 17:13:21, -74,        3, 1C:5B:78:28:CA:C3,
00:0E:58:12:1C:5B, 2020-12-20 16:57:23, 2020-12-20 17:14:22, -72,    12991, 78:28:CA:C3:F7:17,Sonos_Cr28BLh2UVPK2bdMZbhZfdUE90
20:DF:B9:7E:8D:D9, 2020-12-20 16:57:57, 2020-12-20 17:13:57, -64,      275, (not associated) ,LANCOM
78:28:CA:C3:F6:E7, 2020-12-20 16:57:23, 2020-12-20 17:14:14, -46,      300, 00:0E:58:12:1C:5B,Sonos_Cr28BLh2UVPK2bdMZbhZfdUE90
78:28:CA:C3:F7:17, 2020-12-20 16:57:23, 2020-12-20 17:14:14, -45,      317, 00:0E:58:12:1C:5B,Sonos_Cr28BLh2UVPK2bdMZbhZfdUE90
9A:C2:7B:94:DC:42, 2020-12-20 17:13:55, 2020-12-20 17:13:55, -34,        2, (not associated) ,
B6:80:39:2D:EB:4B, 2020-12-20 17:14:19, 2020-12-20 17:14:19, -37,        2, (not associated) ,
Station MAC, First time seen, Last time seen, Power, # packets, BSSID, Probed ESSIDs
B6:80:39:2D:EB:4B, 2020-12-20 17:14:19, 2020-12-20 17:14:19, -37,        2, (not associated) ,
00:5B:94:AA:5E:18, 2020-12-20 17:05:23, 2020-12-20 17:14:16, -82,       18, 00:A0:57:3B:59:0E,
C8:69:CD:19:75:2A, 2020-12-20 16:57:26, 2020-12-20 17:14:09, -84,       30, 00:A0:57:3B:59:0E,
9A:C2:7B:94:DC:42, 2020-12-20 17:13:55, 2020-12-20 17:13:55, -34,        2, (not associated) ,
20:DF:B9:7E:8D:D9, 2020-12-20 16:57:57, 2020-12-20 17:13:57, -64,      275, (not associated) ,LANCOM
F7:17:00:0E:58:12, 2020-12-20 17:04:01, 2020-12-20 17:13:21, -74,        3, 1C:5B:78:28:CA:C3,
02:5B:93:07:DF:AA, 2020-12-20 17:13:04, 2020-12-20 17:13:04, -33,        2, (not associated) ,
80:C5:F2:C5:67:CD, 2020-12-20 17:01:22, 2020-12-20 17:11:31, -50,        6, 00:A0:57:3B:59:0E,
B8:27:EB:B9:E4:8B, 2020-12-20 17:01:21, 2020-12-20 17:11:21, -40,       27, (not associated) ,
00:1B:EA:F2:DD:9F, 2020-12-20 16:59:10, 2020-12-20 17:09:40, -69,      951, (not associated) ,LANCOM
9E:7B:B1:BA:EA:0F, 2020-12-20 17:07:40, 2020-12-20 17:07:40, -37,        1, (not associated) ,
59:5B:7E:66:05:A4, 2020-12-20 17:07:04, 2020-12-20 17:07:04, -78,        2, (not associated) ,
92:70:2C:D4:90:9B, 2020-12-20 17:06:45, 2020-12-20 17:06:45, -37,        1, (not associated) ,
00:00:FF:FF:FF:FF, 2020-12-20 17:05:00, 2020-12-20 17:06:20,  -1,        2, FF:FF:38:EA:A7:C8,
A2:2F:E8:46:61:D0, 2020-12-20 17:05:53, 2020-12-20 17:05:53, -38,        2, (not associated) ,
EC:C2:1C:38:2D:DD, 2020-12-20 17:05:16, 2020-12-20 17:05:16, -81,        1, (not associated) ,
62:E6:42:BC:B0:6A, 2020-12-20 17:04:43, 2020-12-20 17:04:43, -40,        2, (not associated) ,
FA:60:24:FC:D8:1B, 2020-12-20 17:04:17, 2020-12-20 17:04:17, -84,        1, (not associated) ,
66:32:1E:3B:2F:2C, 2020-12-20 16:59:17, 2020-12-20 17:01:21, -89,       10, (not associated) ,LANCOM
38:EA:A7:C8:D8:97, 2020-12-20 17:00:41, 2020-12-20 17:00:41, -60,        2, 00:A0:57:3B:59:0E,
A6:9C:6A:21:E9:46, 2020-12-20 16:59:05, 2020-12-20 16:59:05, -93,        1, (not associated) ,
16:52:DB:51:BC:92, 2020-12-20 16:58:17, 2020-12-20 16:58:17, -84,        2, (not associated) ,
06:AF:9E:41:07:A6, 2020-12-20 16:58:47, 2020-12-20 16:58:47, -85,        2, (not associated) ,
14:02:62:B3:1A:3E, 2020-12-20 16:59:34, 2020-12-20 16:59:34, -79,        2, (not associated) ,
FA:78:E9:E0:58:7F, 2020-12-20 17:00:51, 2020-12-20 17:00:51, -83,        1, (not associated) ,
26:28:15:49:C1:53, 2020-12-20 17:03:35, 2020-12-20 17:03:35, -38,        2, (not associated) ,
A4:CF:12:13:FC:74, 2020-12-20 17:02:15, 2020-12-20 17:09:27, -86,        7, 00:A0:57:3B:59:0E,
D8:00:4D:EC:23:2C, 2020-12-20 16:59:46, 2020-12-20 17:09:46, -82,        9, 00:A0:57:3B:59:0E,LANCOM
DC:9B:9C:0B:AD:09, 2020-12-20 17:05:12, 2020-12-20 17:10:50, -89,       19, 00:A0:57:3B:59:0E,LANCOM
F2:AF:87:22:9D:24, 2020-12-20 17:10:51, 2020-12-20 17:10:51, -46,        2, (not associated) ,
64:70:33:E4:0E:94, 2020-12-20 17:01:21, 2020-12-20 17:13:23, -87,        8, (not associated) ,LANCOM
72:86:CA:B2:26:63, 2020-12-20 17:13:34, 2020-12-20 17:13:34, -91,        1, (not associated) ,
3E:D9:FD:45:6B:67, 2020-12-20 17:13:34, 2020-12-20 17:13:34, -90,        1, (not associated) ,
96:91:D3:6B:C6:26, 2020-12-20 17:13:48, 2020-12-20 17:13:48, -95,        1, (not associated) ,
A2:53:56:6A:F2:B6, 2020-12-20 16:59:48, 2020-12-20 17:14:54, -84,       29, 00:25:00:FF:94:73,
34:E2:FD:90:5B:2F, 2020-12-20 16:59:22, 2020-12-20 17:15:16, -79,       89, 00:A0:57:3B:59:0E,LANCOM
00:0E:58:12:1C:5B, 2020-12-20 16:57:23, 2020-12-20 17:15:33, -68,    13911, 78:28:CA:C3:F7:17,Sonos_Cr28BLh2UVPK2bdMZbhZfdUE90
78:28:CA:C3:F6:E7, 2020-12-20 16:57:23, 2020-12-20 17:15:29, -46,      320, 00:0E:58:12:1C:5B,Sonos_Cr28BLh2UVPK2bdMZbhZfdUE90
78:28:CA:C3:F7:17, 2020-12-20 16:57:23, 2020-12-20 17:15:29, -46,      341, 00:0E:58:12:1C:5B,Sonos_Cr28BLh2UVPK2bdMZbhZfdUE90
4E:1E:AB:9B:44:6C, 2020-12-20 17:15:44, 2020-12-20 17:15:44, -37,        2, (not associated) ,
Station MAC, First time seen, Last time seen, Power, # packets, BSSID, Probed ESSIDs
4E:1E:AB:9B:44:6C, 2020-12-20 17:15:44, 2020-12-20 17:15:44, -37,        2, (not associated) ,
34:E2:FD:90:5B:2F, 2020-12-20 16:59:22, 2020-12-20 17:15:16, -79,       89, 00:A0:57:3B:59:0E,LANCOM
A2:53:56:6A:F2:B6, 2020-12-20 16:59:48, 2020-12-20 17:14:54, -84,       29, 00:25:00:FF:94:73,
B6:80:39:2D:EB:4B, 2020-12-20 17:14:19, 2020-12-20 17:14:19, -37,        2, (not associated) ,
00:5B:94:AA:5E:18, 2020-12-20 17:05:23, 2020-12-20 17:14:16, -82,       18, 00:A0:57:3B:59:0E,
C8:69:CD:19:75:2A, 2020-12-20 16:57:26, 2020-12-20 17:14:09, -84,       30, 00:A0:57:3B:59:0E,
9A:C2:7B:94:DC:42, 2020-12-20 17:13:55, 2020-12-20 17:13:55, -34,        2, (not associated) ,
F7:17:00:0E:58:12, 2020-12-20 17:04:01, 2020-12-20 17:13:21, -74,        3, 1C:5B:78:28:CA:C3,
02:5B:93:07:DF:AA, 2020-12-20 17:13:04, 2020-12-20 17:13:04, -33,        2, (not associated) ,
80:C5:F2:C5:67:CD, 2020-12-20 17:01:22, 2020-12-20 17:11:31, -50,        6, 00:A0:57:3B:59:0E,
00:1B:EA:F2:DD:9F, 2020-12-20 16:59:10, 2020-12-20 17:09:40, -69,      951, (not associated) ,LANCOM
9E:7B:B1:BA:EA:0F, 2020-12-20 17:07:40, 2020-12-20 17:07:40, -37,        1, (not associated) ,
59:5B:7E:66:05:A4, 2020-12-20 17:07:04, 2020-12-20 17:07:04, -78,        2, (not associated) ,
92:70:2C:D4:90:9B, 2020-12-20 17:06:45, 2020-12-20 17:06:45, -37,        1, (not associated) ,
00:00:FF:FF:FF:FF, 2020-12-20 17:05:00, 2020-12-20 17:06:20,  -1,        2, FF:FF:38:EA:A7:C8,
A2:2F:E8:46:61:D0, 2020-12-20 17:05:53, 2020-12-20 17:05:53, -38,        2, (not associated) ,
EC:C2:1C:38:2D:DD, 2020-12-20 17:05:16, 2020-12-20 17:05:16, -81,        1, (not associated) ,
62:E6:42:BC:B0:6A, 2020-12-20 17:04:43, 2020-12-20 17:04:43, -40,        2, (not associated) ,
FA:60:24:FC:D8:1B, 2020-12-20 17:04:17, 2020-12-20 17:04:17, -84,        1, (not associated) ,
66:32:1E:3B:2F:2C, 2020-12-20 16:59:17, 2020-12-20 17:01:21, -89,       10, (not associated) ,LANCOM
38:EA:A7:C8:D8:97, 2020-12-20 17:00:41, 2020-12-20 17:00:41, -60,        2, 00:A0:57:3B:59:0E,
A6:9C:6A:21:E9:46, 2020-12-20 16:59:05, 2020-12-20 16:59:05, -93,        1, (not associated) ,
16:52:DB:51:BC:92, 2020-12-20 16:58:17, 2020-12-20 16:58:17, -84,        2, (not associated) ,
06:AF:9E:41:07:A6, 2020-12-20 16:58:47, 2020-12-20 16:58:47, -85,        2, (not associated) ,
14:02:62:B3:1A:3E, 2020-12-20 16:59:34, 2020-12-20 16:59:34, -79,        2, (not associated) ,
FA:78:E9:E0:58:7F, 2020-12-20 17:00:51, 2020-12-20 17:00:51, -83,        1, (not associated) ,
26:28:15:49:C1:53, 2020-12-20 17:03:35, 2020-12-20 17:03:35, -38,        2, (not associated) ,
A4:CF:12:13:FC:74, 2020-12-20 17:02:15, 2020-12-20 17:09:27, -86,        7, 00:A0:57:3B:59:0E,
D8:00:4D:EC:23:2C, 2020-12-20 16:59:46, 2020-12-20 17:09:46, -82,        9, 00:A0:57:3B:59:0E,LANCOM
DC:9B:9C:0B:AD:09, 2020-12-20 17:05:12, 2020-12-20 17:10:50, -89,       19, 00:A0:57:3B:59:0E,LANCOM
F2:AF:87:22:9D:24, 2020-12-20 17:10:51, 2020-12-20 17:10:51, -46,        2, (not associated) ,
72:86:CA:B2:26:63, 2020-12-20 17:13:34, 2020-12-20 17:13:34, -91,        1, (not associated) ,
3E:D9:FD:45:6B:67, 2020-12-20 17:13:34, 2020-12-20 17:13:34, -90,        1, (not associated) ,
96:91:D3:6B:C6:26, 2020-12-20 17:13:48, 2020-12-20 17:13:48, -95,        1, (not associated) ,
8F:57:29:F0:BC:E1, 2020-12-20 17:15:38, 2020-12-20 17:15:38, -88,        1, (not associated) ,
64:70:33:E4:0E:94, 2020-12-20 17:01:21, 2020-12-20 17:16:13, -90,        9, (not associated) ,LANCOM
00:0E:58:12:1C:5B, 2020-12-20 16:57:23, 2020-12-20 17:16:48, -70,    14815, 78:28:CA:C3:F7:17,Sonos_Cr28BLh2UVPK2bdMZbhZfdUE90
20:DF:B9:7E:8D:D9, 2020-12-20 16:57:57, 2020-12-20 17:16:05, -64,      289, (not associated) ,LANCOM
78:28:CA:C3:F7:17, 2020-12-20 16:57:23, 2020-12-20 17:16:48, -47,      363, 00:0E:58:12:1C:5B,Sonos_Cr28BLh2UVPK2bdMZbhZfdUE90
78:28:CA:C3:F6:E7, 2020-12-20 16:57:23, 2020-12-20 17:16:48, -47,      340, 00:0E:58:12:1C:5B,Sonos_Cr28BLh2UVPK2bdMZbhZfdUE90
B8:27:EB:B9:E4:8B, 2020-12-20 17:01:21, 2020-12-20 17:16:20, -45,       32, (not associated) ,
:27:EB:B9:E4:8B, 2020-12-20 17:01:21, 2020-12-20 17:16:20, -45,       32, (not associated) ,
Station MAC, First time seen, Last time seen, Power, # packets, BSSID, Probed ESSIDs
8E:FB:C0:FF:2F:B0, 2020-12-20 17:16:58, 2020-12-20 17:16:58, -49,        1, (not associated) ,
64:70:33:E4:0E:94, 2020-12-20 17:01:21, 2020-12-20 17:16:13, -90,        9, (not associated) ,LANCOM
8F:57:29:F0:BC:E1, 2020-12-20 17:15:38, 2020-12-20 17:15:38, -88,        1, (not associated) ,
96:91:D3:6B:C6:26, 2020-12-20 17:13:48, 2020-12-20 17:13:48, -95,        1, (not associated) ,
3E:D9:FD:45:6B:67, 2020-12-20 17:13:34, 2020-12-20 17:13:34, -90,        1, (not associated) ,
72:86:CA:B2:26:63, 2020-12-20 17:13:34, 2020-12-20 17:13:34, -91,        1, (not associated) ,
F2:AF:87:22:9D:24, 2020-12-20 17:10:51, 2020-12-20 17:10:51, -46,        2, (not associated) ,
DC:9B:9C:0B:AD:09, 2020-12-20 17:05:12, 2020-12-20 17:10:50, -89,       19, 00:A0:57:3B:59:0E,LANCOM
D8:00:4D:EC:23:2C, 2020-12-20 16:59:46, 2020-12-20 17:09:46, -82,        9, 00:A0:57:3B:59:0E,LANCOM
A4:CF:12:13:FC:74, 2020-12-20 17:02:15, 2020-12-20 17:09:27, -86,        7, 00:A0:57:3B:59:0E,
26:28:15:49:C1:53, 2020-12-20 17:03:35, 2020-12-20 17:03:35, -38,        2, (not associated) ,
FA:78:E9:E0:58:7F, 2020-12-20 17:00:51, 2020-12-20 17:00:51, -83,        1, (not associated) ,
14:02:62:B3:1A:3E, 2020-12-20 16:59:34, 2020-12-20 16:59:34, -79,        2, (not associated) ,
06:AF:9E:41:07:A6, 2020-12-20 16:58:47, 2020-12-20 16:58:47, -85,        2, (not associated) ,
16:52:DB:51:BC:92, 2020-12-20 16:58:17, 2020-12-20 16:58:17, -84,        2, (not associated) ,
A6:9C:6A:21:E9:46, 2020-12-20 16:59:05, 2020-12-20 16:59:05, -93,        1, (not associated) ,
66:32:1E:3B:2F:2C, 2020-12-20 16:59:17, 2020-12-20 17:01:21, -89,       10, (not associated) ,LANCOM
FA:60:24:FC:D8:1B, 2020-12-20 17:04:17, 2020-12-20 17:04:17, -84,        1, (not associated) ,
62:E6:42:BC:B0:6A, 2020-12-20 17:04:43, 2020-12-20 17:04:43, -40,        2, (not associated) ,
EC:C2:1C:38:2D:DD, 2020-12-20 17:05:16, 2020-12-20 17:05:16, -81,        1, (not associated) ,
A2:2F:E8:46:61:D0, 2020-12-20 17:05:53, 2020-12-20 17:05:53, -38,        2, (not associated) ,
00:00:FF:FF:FF:FF, 2020-12-20 17:05:00, 2020-12-20 17:06:20,  -1,        2, FF:FF:38:EA:A7:C8,
92:70:2C:D4:90:9B, 2020-12-20 17:06:45, 2020-12-20 17:06:45, -37,        1, (not associated) ,
59:5B:7E:66:05:A4, 2020-12-20 17:07:04, 2020-12-20 17:07:04, -78,        2, (not associated) ,
9E:7B:B1:BA:EA:0F, 2020-12-20 17:07:40, 2020-12-20 17:07:40, -37,        1, (not associated) ,
00:1B:EA:F2:DD:9F, 2020-12-20 16:59:10, 2020-12-20 17:09:40, -69,      951, (not associated) ,LANCOM
02:5B:93:07:DF:AA, 2020-12-20 17:13:04, 2020-12-20 17:13:04, -33,        2, (not associated) ,
F7:17:00:0E:58:12, 2020-12-20 17:04:01, 2020-12-20 17:13:21, -74,        3, 1C:5B:78:28:CA:C3,
9A:C2:7B:94:DC:42, 2020-12-20 17:13:55, 2020-12-20 17:13:55, -34,        2, (not associated) ,
C8:69:CD:19:75:2A, 2020-12-20 16:57:26, 2020-12-20 17:14:09, -84,       30, 00:A0:57:3B:59:0E,
B6:80:39:2D:EB:4B, 2020-12-20 17:14:19, 2020-12-20 17:14:19, -37,        2, (not associated) ,
A2:53:56:6A:F2:B6, 2020-12-20 16:59:48, 2020-12-20 17:14:54, -84,       29, 00:25:00:FF:94:73,
4E:1E:AB:9B:44:6C, 2020-12-20 17:15:44, 2020-12-20 17:15:44, -37,        2, (not associated) ,
B8:27:EB:B9:E4:8B, 2020-12-20 17:01:21, 2020-12-20 17:16:20, -45,       32, (not associated) ,
2F:78:0D:B7:A0:F7, 2020-12-20 17:17:20, 2020-12-20 17:17:20, -95,        2, (not associated) ,
34:E2:FD:90:5B:2F, 2020-12-20 16:59:22, 2020-12-20 17:17:23, -86,       94, 00:A0:57:3B:59:0E,LANCOM
00:5B:94:AA:5E:18, 2020-12-20 17:05:23, 2020-12-20 17:17:12, -84,       34, 00:A0:57:3B:59:0E,
AE:F6:97:D5:54:46, 2020-12-20 17:17:14, 2020-12-20 17:17:18, -77,        3, 00:25:00:FF:94:73,
00:0E:58:12:1C:5B, 2020-12-20 16:57:23, 2020-12-20 17:18:03, -72,    15683, 78:28:CA:C3:F7:17,Sonos_Cr28BLh2UVPK2bdMZbhZfdUE90
20:DF:B9:7E:8D:D9, 2020-12-20 16:57:57, 2020-12-20 17:17:09, -65,      303, (not associated) ,LANCOM
80:C5:F2:C5:67:CD, 2020-12-20 17:01:22, 2020-12-20 17:17:17, -59,        7, 00:A0:57:3B:59:0E,
78:28:CA:C3:F6:E7, 2020-12-20 16:57:23, 2020-12-20 17:17:56, -49,      359, 00:0E:58:12:1C:5B,Sonos_Cr28BLh2UVPK2bdMZbhZfdUE90
78:28:CA:C3:F7:17, 2020-12-20 16:57:23, 2020-12-20 17:17:56, -47,      383, 00:0E:58:12:1C:5B,Sonos_Cr28BLh2UVPK2bdMZbhZfdUE90
38:EA:A7:C8:D8:97, 2020-12-20 17:00:41, 2020-12-20 17:17:09,   0,        3, 00:A0:57:3B:59:0E,
Station MAC, First time seen, Last time seen, Power, # packets, BSSID, Probed ESSIDs
20:DF:B9:7E:8D:D9, 2020-12-20 16:57:57, 2020-12-20 17:19:18, -63,      334, (not associated) ,LANCOM
34:E2:FD:90:5B:2F, 2020-12-20 16:59:22, 2020-12-20 17:17:23, -86,       94, 00:A0:57:3B:59:0E,LANCOM
00:5B:94:AA:5E:18, 2020-12-20 17:05:23, 2020-12-20 17:17:12, -84,       34, 00:A0:57:3B:59:0E,
8E:FB:C0:FF:2F:B0, 2020-12-20 17:16:58, 2020-12-20 17:16:58, -49,        1, (not associated) ,
64:70:33:E4:0E:94, 2020-12-20 17:01:21, 2020-12-20 17:16:13, -90,        9, (not associated) ,LANCOM
8F:57:29:F0:BC:E1, 2020-12-20 17:15:38, 2020-12-20 17:15:38, -88,        1, (not associated) ,
96:91:D3:6B:C6:26, 2020-12-20 17:13:48, 2020-12-20 17:13:48, -95,        1, (not associated) ,
3E:D9:FD:45:6B:67, 2020-12-20 17:13:34, 2020-12-20 17:13:34, -90,        1, (not associated) ,
72:86:CA:B2:26:63, 2020-12-20 17:13:34, 2020-12-20 17:13:34, -91,        1, (not associated) ,
F2:AF:87:22:9D:24, 2020-12-20 17:10:51, 2020-12-20 17:10:51, -46,        2, (not associated) ,
D8:00:4D:EC:23:2C, 2020-12-20 16:59:46, 2020-12-20 17:09:46, -82,        9, 00:A0:57:3B:59:0E,LANCOM
A4:CF:12:13:FC:74, 2020-12-20 17:02:15, 2020-12-20 17:09:27, -86,        7, 00:A0:57:3B:59:0E,
26:28:15:49:C1:53, 2020-12-20 17:03:35, 2020-12-20 17:03:35, -38,        2, (not associated) ,
FA:78:E9:E0:58:7F, 2020-12-20 17:00:51, 2020-12-20 17:00:51, -83,        1, (not associated) ,
14:02:62:B3:1A:3E, 2020-12-20 16:59:34, 2020-12-20 16:59:34, -79,        2, (not associated) ,
06:AF:9E:41:07:A6, 2020-12-20 16:58:47, 2020-12-20 16:58:47, -85,        2, (not associated) ,
16:52:DB:51:BC:92, 2020-12-20 16:58:17, 2020-12-20 16:58:17, -84,        2, (not associated) ,
A6:9C:6A:21:E9:46, 2020-12-20 16:59:05, 2020-12-20 16:59:05, -93,        1, (not associated) ,
66:32:1E:3B:2F:2C, 2020-12-20 16:59:17, 2020-12-20 17:01:21, -89,       10, (not associated) ,LANCOM
FA:60:24:FC:D8:1B, 2020-12-20 17:04:17, 2020-12-20 17:04:17, -84,        1, (not associated) ,
62:E6:42:BC:B0:6A, 2020-12-20 17:04:43, 2020-12-20 17:04:43, -40,        2, (not associated) ,
EC:C2:1C:38:2D:DD, 2020-12-20 17:05:16, 2020-12-20 17:05:16, -81,        1, (not associated) ,
A2:2F:E8:46:61:D0, 2020-12-20 17:05:53, 2020-12-20 17:05:53, -38,        2, (not associated) ,
00:00:FF:FF:FF:FF, 2020-12-20 17:05:00, 2020-12-20 17:06:20,  -1,        2, FF:FF:38:EA:A7:C8,
92:70:2C:D4:90:9B, 2020-12-20 17:06:45, 2020-12-20 17:06:45, -37,        1, (not associated) ,
59:5B:7E:66:05:A4, 2020-12-20 17:07:04, 2020-12-20 17:07:04, -78,        2, (not associated) ,
9E:7B:B1:BA:EA:0F, 2020-12-20 17:07:40, 2020-12-20 17:07:40, -37,        1, (not associated) ,
02:5B:93:07:DF:AA, 2020-12-20 17:13:04, 2020-12-20 17:13:04, -33,        2, (not associated) ,
F7:17:00:0E:58:12, 2020-12-20 17:04:01, 2020-12-20 17:13:21, -74,        3, 1C:5B:78:28:CA:C3,
9A:C2:7B:94:DC:42, 2020-12-20 17:13:55, 2020-12-20 17:13:55, -34,        2, (not associated) ,
C8:69:CD:19:75:2A, 2020-12-20 16:57:26, 2020-12-20 17:14:09, -84,       30, 00:A0:57:3B:59:0E,
B6:80:39:2D:EB:4B, 2020-12-20 17:14:19, 2020-12-20 17:14:19, -37,        2, (not associated) ,
A2:53:56:6A:F2:B6, 2020-12-20 16:59:48, 2020-12-20 17:14:54, -84,       29, 00:25:00:FF:94:73,
4E:1E:AB:9B:44:6C, 2020-12-20 17:15:44, 2020-12-20 17:15:44, -37,        2, (not associated) ,
B8:27:EB:B9:E4:8B, 2020-12-20 17:01:21, 2020-12-20 17:16:20, -45,       32, (not associated) ,
2F:78:0D:B7:A0:F7, 2020-12-20 17:17:20, 2020-12-20 17:17:20, -95,        2, (not associated) ,
AE:F6:97:D5:54:46, 2020-12-20 17:17:14, 2020-12-20 17:17:18, -77,        3, 00:25:00:FF:94:73,
80:C5:F2:C5:67:CD, 2020-12-20 17:01:22, 2020-12-20 17:17:17, -59,        7, 00:A0:57:3B:59:0E,
DC:9B:9C:0B:AD:09, 2020-12-20 17:05:12, 2020-12-20 17:19:13, -89,       36, 00:A0:57:3B:59:0E,LANCOM
00:0E:58:12:1C:5B, 2020-12-20 16:57:23, 2020-12-20 17:19:18, -74,    16577, 78:28:CA:C3:F7:17,Sonos_Cr28BLh2UVPK2bdMZbhZfdUE90
00:1B:EA:F2:DD:9F, 2020-12-20 16:59:10, 2020-12-20 17:19:21, -73,     1398, (not associated) ,LANCOM
78:28:CA:C3:F6:E7, 2020-12-20 16:57:23, 2020-12-20 17:19:18, -47,      377, 00:0E:58:12:1C:5B,Sonos_Cr28BLh2UVPK2bdMZbhZfdUE90
78:28:CA:C3:F7:17, 2020-12-20 16:57:23, 2020-12-20 17:19:18, -46,      406, 00:0E:58:12:1C:5B,Sonos_Cr28BLh2UVPK2bdMZbhZfdUE90
38:EA:A7:C8:D8:97, 2020-12-20 17:00:41, 2020-12-20 17:19:09,   0,        4, 00:A0:57:3B:59:0E,
Station MAC, First time seen, Last time seen, Power, # packets, BSSID, Probed ESSIDs
80:C5:F2:C5:67:CD, 2020-12-20 17:01:22, 2020-12-20 17:17:17, -59,        7, 00:A0:57:3B:59:0E,
AE:F6:97:D5:54:46, 2020-12-20 17:17:14, 2020-12-20 17:17:18, -77,        3, 00:25:00:FF:94:73,
2F:78:0D:B7:A0:F7, 2020-12-20 17:17:20, 2020-12-20 17:17:20, -95,        2, (not associated) ,
B8:27:EB:B9:E4:8B, 2020-12-20 17:01:21, 2020-12-20 17:16:20, -45,       32, (not associated) ,
4E:1E:AB:9B:44:6C, 2020-12-20 17:15:44, 2020-12-20 17:15:44, -37,        2, (not associated) ,
A2:53:56:6A:F2:B6, 2020-12-20 16:59:48, 2020-12-20 17:14:54, -84,       29, 00:25:00:FF:94:73,
B6:80:39:2D:EB:4B, 2020-12-20 17:14:19, 2020-12-20 17:14:19, -37,        2, (not associated) ,
9A:C2:7B:94:DC:42, 2020-12-20 17:13:55, 2020-12-20 17:13:55, -34,        2, (not associated) ,
F7:17:00:0E:58:12, 2020-12-20 17:04:01, 2020-12-20 17:13:21, -74,        3, 1C:5B:78:28:CA:C3,
02:5B:93:07:DF:AA, 2020-12-20 17:13:04, 2020-12-20 17:13:04, -33,        2, (not associated) ,
9E:7B:B1:BA:EA:0F, 2020-12-20 17:07:40, 2020-12-20 17:07:40, -37,        1, (not associated) ,
59:5B:7E:66:05:A4, 2020-12-20 17:07:04, 2020-12-20 17:07:04, -78,        2, (not associated) ,
92:70:2C:D4:90:9B, 2020-12-20 17:06:45, 2020-12-20 17:06:45, -37,        1, (not associated) ,
00:00:FF:FF:FF:FF, 2020-12-20 17:05:00, 2020-12-20 17:06:20,  -1,        2, FF:FF:38:EA:A7:C8,
A2:2F:E8:46:61:D0, 2020-12-20 17:05:53, 2020-12-20 17:05:53, -38,        2, (not associated) ,
EC:C2:1C:38:2D:DD, 2020-12-20 17:05:16, 2020-12-20 17:05:16, -81,        1, (not associated) ,
62:E6:42:BC:B0:6A, 2020-12-20 17:04:43, 2020-12-20 17:04:43, -40,        2, (not associated) ,
FA:60:24:FC:D8:1B, 2020-12-20 17:04:17, 2020-12-20 17:04:17, -84,        1, (not associated) ,
66:32:1E:3B:2F:2C, 2020-12-20 16:59:17, 2020-12-20 17:01:21, -89,       10, (not associated) ,LANCOM
A6:9C:6A:21:E9:46, 2020-12-20 16:59:05, 2020-12-20 16:59:05, -93,        1, (not associated) ,
16:52:DB:51:BC:92, 2020-12-20 16:58:17, 2020-12-20 16:58:17, -84,        2, (not associated) ,
06:AF:9E:41:07:A6, 2020-12-20 16:58:47, 2020-12-20 16:58:47, -85,        2, (not associated) ,
14:02:62:B3:1A:3E, 2020-12-20 16:59:34, 2020-12-20 16:59:34, -79,        2, (not associated) ,
FA:78:E9:E0:58:7F, 2020-12-20 17:00:51, 2020-12-20 17:00:51, -83,        1, (not associated) ,
26:28:15:49:C1:53, 2020-12-20 17:03:35, 2020-12-20 17:03:35, -38,        2, (not associated) ,
A4:CF:12:13:FC:74, 2020-12-20 17:02:15, 2020-12-20 17:09:27, -86,        7, 00:A0:57:3B:59:0E,
F2:AF:87:22:9D:24, 2020-12-20 17:10:51, 2020-12-20 17:10:51, -46,        2, (not associated) ,
72:86:CA:B2:26:63, 2020-12-20 17:13:34, 2020-12-20 17:13:34, -91,        1, (not associated) ,
3E:D9:FD:45:6B:67, 2020-12-20 17:13:34, 2020-12-20 17:13:34, -90,        1, (not associated) ,
96:91:D3:6B:C6:26, 2020-12-20 17:13:48, 2020-12-20 17:13:48, -95,        1, (not associated) ,
8F:57:29:F0:BC:E1, 2020-12-20 17:15:38, 2020-12-20 17:15:38, -88,        1, (not associated) ,
64:70:33:E4:0E:94, 2020-12-20 17:01:21, 2020-12-20 17:16:13, -90,        9, (not associated) ,LANCOM
8E:FB:C0:FF:2F:B0, 2020-12-20 17:16:58, 2020-12-20 17:16:58, -49,        1, (not associated) ,
00:5B:94:AA:5E:18, 2020-12-20 17:05:23, 2020-12-20 17:17:12, -84,       34, 00:A0:57:3B:59:0E,
DC:9B:9C:0B:AD:09, 2020-12-20 17:05:12, 2020-12-20 17:19:13, -89,       36, 00:A0:57:3B:59:0E,LANCOM
C8:69:CD:19:75:2A, 2020-12-20 16:57:26, 2020-12-20 17:19:47, -89,       31, 00:A0:57:3B:59:0E,
D8:00:4D:EC:23:2C, 2020-12-20 16:59:46, 2020-12-20 17:19:43, -84,       18, 00:A0:57:3B:59:0E,LANCOM
34:E2:FD:90:5B:2F, 2020-12-20 16:59:22, 2020-12-20 17:20:24, -81,      100, 00:A0:57:3B:59:0E,LANCOM
00:1B:EA:F2:DD:9F, 2020-12-20 16:59:10, 2020-12-20 17:19:40, -79,     1599, (not associated) ,LANCOM
20:DF:B9:7E:8D:D9, 2020-12-20 16:57:57, 2020-12-20 17:20:22, -75,      360, (not associated) ,LANCOM
00:0E:58:12:1C:5B, 2020-12-20 16:57:23, 2020-12-20 17:20:33, -71,    17476, 78:28:CA:C3:F7:17,Sonos_Cr28BLh2UVPK2bdMZbhZfdUE90
78:28:CA:C3:F7:17, 2020-12-20 16:57:23, 2020-12-20 17:20:33, -48,      429, 00:0E:58:12:1C:5B,Sonos_Cr28BLh2UVPK2bdMZbhZfdUE90
78:28:CA:C3:F6:E7, 2020-12-20 16:57:23, 2020-12-20 17:20:33, -46,      395, 00:0E:58:12:1C:5B,Sonos_Cr28BLh2UVPK2bdMZbhZfdUE90
A6:97:BF:26:D1:DE, 2020-12-20 17:19:54, 2020-12-20 17:19:54, -36,        2, (not associated) ,
38:EA:A7:C8:D8:97, 2020-12-20 17:00:41, 2020-12-20 17:20:09,   0,        5, 00:A0:57:3B:59:0E,
:EA:A7:C8:D8:97, 2020-12-20 17:00:41, 2020-12-20 17:20:09,   0,        5, 00:A0:57:3B:59:0E,
Station MAC, First time seen, Last time seen, Power, # packets, BSSID, Probed ESSIDs
C8:69:CD:19:75:2A, 2020-12-20 16:57:26, 2020-12-20 17:19:47, -89,       31, 00:A0:57:3B:59:0E,
DC:9B:9C:0B:AD:09, 2020-12-20 17:05:12, 2020-12-20 17:19:13, -89,       36, 00:A0:57:3B:59:0E,LANCOM
00:5B:94:AA:5E:18, 2020-12-20 17:05:23, 2020-12-20 17:17:12, -84,       34, 00:A0:57:3B:59:0E,
8E:FB:C0:FF:2F:B0, 2020-12-20 17:16:58, 2020-12-20 17:16:58, -49,        1, (not associated) ,
64:70:33:E4:0E:94, 2020-12-20 17:01:21, 2020-12-20 17:16:13, -90,        9, (not associated) ,LANCOM
8F:57:29:F0:BC:E1, 2020-12-20 17:15:38, 2020-12-20 17:15:38, -88,        1, (not associated) ,
96:91:D3:6B:C6:26, 2020-12-20 17:13:48, 2020-12-20 17:13:48, -95,        1, (not associated) ,
3E:D9:FD:45:6B:67, 2020-12-20 17:13:34, 2020-12-20 17:13:34, -90,        1, (not associated) ,
72:86:CA:B2:26:63, 2020-12-20 17:13:34, 2020-12-20 17:13:34, -91,        1, (not associated) ,
F2:AF:87:22:9D:24, 2020-12-20 17:10:51, 2020-12-20 17:10:51, -46,        2, (not associated) ,
A4:CF:12:13:FC:74, 2020-12-20 17:02:15, 2020-12-20 17:09:27, -86,        7, 00:A0:57:3B:59:0E,
26:28:15:49:C1:53, 2020-12-20 17:03:35, 2020-12-20 17:03:35, -38,        2, (not associated) ,
FA:78:E9:E0:58:7F, 2020-12-20 17:00:51, 2020-12-20 17:00:51, -83,        1, (not associated) ,
14:02:62:B3:1A:3E, 2020-12-20 16:59:34, 2020-12-20 16:59:34, -79,        2, (not associated) ,
06:AF:9E:41:07:A6, 2020-12-20 16:58:47, 2020-12-20 16:58:47, -85,        2, (not associated) ,
16:52:DB:51:BC:92, 2020-12-20 16:58:17, 2020-12-20 16:58:17, -84,        2, (not associated) ,
A6:9C:6A:21:E9:46, 2020-12-20 16:59:05, 2020-12-20 16:59:05, -93,        1, (not associated) ,
66:32:1E:3B:2F:2C, 2020-12-20 16:59:17, 2020-12-20 17:01:21, -89,       10, (not associated) ,LANCOM
FA:60:24:FC:D8:1B, 2020-12-20 17:04:17, 2020-12-20 17:04:17, -84,        1, (not associated) ,
62:E6:42:BC:B0:6A, 2020-12-20 17:04:43, 2020-12-20 17:04:43, -40,        2, (not associated) ,
EC:C2:1C:38:2D:DD, 2020-12-20 17:05:16, 2020-12-20 17:05:16, -81,        1, (not associated) ,
A2:2F:E8:46:61:D0, 2020-12-20 17:05:53, 2020-12-20 17:05:53, -38,        2, (not associated) ,
00:00:FF:FF:FF:FF, 2020-12-20 17:05:00, 2020-12-20 17:06:20,  -1,        2, FF:FF:38:EA:A7:C8,
92:70:2C:D4:90:9B, 2020-12-20 17:06:45, 2020-12-20 17:06:45, -37,        1, (not associated) ,
59:5B:7E:66:05:A4, 2020-12-20 17:07:04, 2020-12-20 17:07:04, -78,        2, (not associated) ,
9E:7B:B1:BA:EA:0F, 2020-12-20 17:07:40, 2020-12-20 17:07:40, -37,        1, (not associated) ,
02:5B:93:07:DF:AA, 2020-12-20 17:13:04, 2020-12-20 17:13:04, -33,        2, (not associated) ,
F7:17:00:0E:58:12, 2020-12-20 17:04:01, 2020-12-20 17:13:21, -74,        3, 1C:5B:78:28:CA:C3,
9A:C2:7B:94:DC:42, 2020-12-20 17:13:55, 2020-12-20 17:13:55, -34,        2, (not associated) ,
B6:80:39:2D:EB:4B, 2020-12-20 17:14:19, 2020-12-20 17:14:19, -37,        2, (not associated) ,
A2:53:56:6A:F2:B6, 2020-12-20 16:59:48, 2020-12-20 17:14:54, -84,       29, 00:25:00:FF:94:73,
4E:1E:AB:9B:44:6C, 2020-12-20 17:15:44, 2020-12-20 17:15:44, -37,        2, (not associated) ,
2F:78:0D:B7:A0:F7, 2020-12-20 17:17:20, 2020-12-20 17:17:20, -95,        2, (not associated) ,
AE:F6:97:D5:54:46, 2020-12-20 17:17:14, 2020-12-20 17:17:18, -77,        3, 00:25:00:FF:94:73,
D8:00:4D:EC:23:2C, 2020-12-20 16:59:46, 2020-12-20 17:19:43, -84,       18, 00:A0:57:3B:59:0E,LANCOM
00:1B:EA:F2:DD:9F, 2020-12-20 16:59:10, 2020-12-20 17:19:40, -79,     1599, (not associated) ,LANCOM
A6:97:BF:26:D1:DE, 2020-12-20 17:19:54, 2020-12-20 17:19:54, -36,        2, (not associated) ,
76:E6:EF:FF:A2:F7, 2020-12-20 17:20:42, 2020-12-20 17:20:42, -31,        2, (not associated) ,
42:51:46:40:2A:15, 2020-12-20 17:21:50, 2020-12-20 17:21:50, -87,        2, (not associated) ,
34:E2:FD:90:5B:2F, 2020-12-20 16:59:22, 2020-12-20 17:21:24, -82,      101, 00:A0:57:3B:59:0E,LANCOM
20:DF:B9:7E:8D:D9, 2020-12-20 16:57:57, 2020-12-20 17:21:26, -73,      382, (not associated) ,LANCOM
00:0E:58:12:1C:5B, 2020-12-20 16:57:23, 2020-12-20 17:22:03, -72,    18539, 78:28:CA:C3:F7:17,Sonos_Cr28BLh2UVPK2bdMZbhZfdUE90
80:C5:F2:C5:67:CD, 2020-12-20 17:01:22, 2020-12-20 17:21:20, -59,        8, 00:A0:57:3B:59:0E,
78:28:CA:C3:F7:17, 2020-12-20 16:57:23, 2020-12-20 17:22:00, -50,      458, 00:0E:58:12:1C:5B,Sonos_Cr28BLh2UVPK2bdMZbhZfdUE90
B8:27:EB:B9:E4:8B, 2020-12-20 17:01:21, 2020-12-20 17:21:20, -49,       39, (not associated) ,
78:28:CA:C3:F6:E7, 2020-12-20 16:57:23, 2020-12-20 17:22:00, -46,      419, 00:0E:58:12:1C:5B,Sonos_Cr28BLh2UVPK2bdMZbhZfdUE90
38:EA:A7:C8:D8:97, 2020-12-20 17:00:41, 2020-12-20 17:21:39,   0,        6, 00:A0:57:3B:59:0E,
:B3:AE:99:45:99, 2020-12-20 17:22:17, 2020-12-20 17:22:17, -76,        1, (not associated) ,
Station MAC, First time seen, Last time seen, Power, # packets, BSSID, Probed ESSIDs
DC:9B:9C:0B:AD:09, 2020-12-20 17:05:12, 2020-12-20 17:22:13, -89,       37, 00:A0:57:3B:59:0E,LANCOM
42:51:46:40:2A:15, 2020-12-20 17:21:50, 2020-12-20 17:21:50, -87,        2, (not associated) ,
38:EA:A7:C8:D8:97, 2020-12-20 17:00:41, 2020-12-20 17:21:39,   0,        6, 00:A0:57:3B:59:0E,
00:5B:94:AA:5E:18, 2020-12-20 17:05:23, 2020-12-20 17:17:12, -84,       34, 00:A0:57:3B:59:0E,
8E:FB:C0:FF:2F:B0, 2020-12-20 17:16:58, 2020-12-20 17:16:58, -49,        1, (not associated) ,
64:70:33:E4:0E:94, 2020-12-20 17:01:21, 2020-12-20 17:16:13, -90,        9, (not associated) ,LANCOM
8F:57:29:F0:BC:E1, 2020-12-20 17:15:38, 2020-12-20 17:15:38, -88,        1, (not associated) ,
96:91:D3:6B:C6:26, 2020-12-20 17:13:48, 2020-12-20 17:13:48, -95,        1, (not associated) ,
3E:D9:FD:45:6B:67, 2020-12-20 17:13:34, 2020-12-20 17:13:34, -90,        1, (not associated) ,
72:86:CA:B2:26:63, 2020-12-20 17:13:34, 2020-12-20 17:13:34, -91,        1, (not associated) ,
F2:AF:87:22:9D:24, 2020-12-20 17:10:51, 2020-12-20 17:10:51, -46,        2, (not associated) ,
A4:CF:12:13:FC:74, 2020-12-20 17:02:15, 2020-12-20 17:09:27, -86,        7, 00:A0:57:3B:59:0E,
26:28:15:49:C1:53, 2020-12-20 17:03:35, 2020-12-20 17:03:35, -38,        2, (not associated) ,
FA:78:E9:E0:58:7F, 2020-12-20 17:00:51, 2020-12-20 17:00:51, -83,        1, (not associated) ,
14:02:62:B3:1A:3E, 2020-12-20 16:59:34, 2020-12-20 16:59:34, -79,        2, (not associated) ,
06:AF:9E:41:07:A6, 2020-12-20 16:58:47, 2020-12-20 16:58:47, -85,        2, (not associated) ,
16:52:DB:51:BC:92, 2020-12-20 16:58:17, 2020-12-20 16:58:17, -84,        2, (not associated) ,
A6:9C:6A:21:E9:46, 2020-12-20 16:59:05, 2020-12-20 16:59:05, -93,        1, (not associated) ,
66:32:1E:3B:2F:2C, 2020-12-20 16:59:17, 2020-12-20 17:01:21, -89,       10, (not associated) ,LANCOM
FA:60:24:FC:D8:1B, 2020-12-20 17:04:17, 2020-12-20 17:04:17, -84,        1, (not associated) ,
62:E6:42:BC:B0:6A, 2020-12-20 17:04:43, 2020-12-20 17:04:43, -40,        2, (not associated) ,
EC:C2:1C:38:2D:DD, 2020-12-20 17:05:16, 2020-12-20 17:05:16, -81,        1, (not associated) ,
A2:2F:E8:46:61:D0, 2020-12-20 17:05:53, 2020-12-20 17:05:53, -38,        2, (not associated) ,
00:00:FF:FF:FF:FF, 2020-12-20 17:05:00, 2020-12-20 17:06:20,  -1,        2, FF:FF:38:EA:A7:C8,
92:70:2C:D4:90:9B, 2020-12-20 17:06:45, 2020-12-20 17:06:45, -37,        1, (not associated) ,
59:5B:7E:66:05:A4, 2020-12-20 17:07:04, 2020-12-20 17:07:04, -78,        2, (not associated) ,
9E:7B:B1:BA:EA:0F, 2020-12-20 17:07:40, 2020-12-20 17:07:40, -37,        1, (not associated) ,
02:5B:93:07:DF:AA, 2020-12-20 17:13:04, 2020-12-20 17:13:04, -33,        2, (not associated) ,
F7:17:00:0E:58:12, 2020-12-20 17:04:01, 2020-12-20 17:13:21, -74,        3, 1C:5B:78:28:CA:C3,
9A:C2:7B:94:DC:42, 2020-12-20 17:13:55, 2020-12-20 17:13:55, -34,        2, (not associated) ,
B6:80:39:2D:EB:4B, 2020-12-20 17:14:19, 2020-12-20 17:14:19, -37,        2, (not associated) ,
A2:53:56:6A:F2:B6, 2020-12-20 16:59:48, 2020-12-20 17:14:54, -84,       29, 00:25:00:FF:94:73,
4E:1E:AB:9B:44:6C, 2020-12-20 17:15:44, 2020-12-20 17:15:44, -37,        2, (not associated) ,
2F:78:0D:B7:A0:F7, 2020-12-20 17:17:20, 2020-12-20 17:17:20, -95,        2, (not associated) ,
AE:F6:97:D5:54:46, 2020-12-20 17:17:14, 2020-12-20 17:17:18, -77,        3, 00:25:00:FF:94:73,
D8:00:4D:EC:23:2C, 2020-12-20 16:59:46, 2020-12-20 17:19:43, -84,       18, 00:A0:57:3B:59:0E,LANCOM
00:1B:EA:F2:DD:9F, 2020-12-20 16:59:10, 2020-12-20 17:19:40, -79,     1599, (not associated) ,LANCOM
A6:97:BF:26:D1:DE, 2020-12-20 17:19:54, 2020-12-20 17:19:54, -36,        2, (not associated) ,
76:E6:EF:FF:A2:F7, 2020-12-20 17:20:42, 2020-12-20 17:20:42, -31,        2, (not associated) ,
80:C5:F2:C5:67:CD, 2020-12-20 17:01:22, 2020-12-20 17:21:20, -59,        8, 00:A0:57:3B:59:0E,
B8:27:EB:B9:E4:8B, 2020-12-20 17:01:21, 2020-12-20 17:21:20, -49,       39, (not associated) ,
C8:69:CD:19:75:2A, 2020-12-20 16:57:26, 2020-12-20 17:22:39, -90,       35, 00:A0:57:3B:59:0E,
34:E2:FD:90:5B:2F, 2020-12-20 16:59:22, 2020-12-20 17:23:13, -82,      102, 00:A0:57:3B:59:0E,LANCOM
AA:B3:AE:99:45:99, 2020-12-20 17:22:17, 2020-12-20 17:22:17, -76,        1, (not associated) ,
00:0E:58:12:1C:5B, 2020-12-20 16:57:23, 2020-12-20 17:23:18, -77,    19469, 78:28:CA:C3:F7:17,Sonos_Cr28BLh2UVPK2bdMZbhZfdUE90
20:DF:B9:7E:8D:D9, 2020-12-20 16:57:57, 2020-12-20 17:22:30, -71,      401, (not associated) ,LANCOM
78:28:CA:C3:F7:17, 2020-12-20 16:57:23, 2020-12-20 17:23:15, -53,      481, 00:0E:58:12:1C:5B,Sonos_Cr28BLh2UVPK2bdMZbhZfdUE90
62:45:B5:01:E7:3D, 2020-12-20 17:23:12, 2020-12-20 17:23:12, -53,        1, (not associated) ,
78:28:CA:C3:F6:E7, 2020-12-20 16:57:23, 2020-12-20 17:23:15, -47,      438, 00:0E:58:12:1C:5B,Sonos_Cr28BLh2UVPK2bdMZbhZfdUE90
DE:4D:E7:A5:9D:F0, 2020-12-20 17:22:41, 2020-12-20 17:22:41, -40,        1, (not associated) ,
Station MAC, First time seen, Last time seen, Power, # packets, BSSID, Probed ESSIDs
DE:4D:E7:A5:9D:F0, 2020-12-20 17:22:41, 2020-12-20 17:22:41, -40,        1, (not associated) ,
AA:B3:AE:99:45:99, 2020-12-20 17:22:17, 2020-12-20 17:22:17, -76,        1, (not associated) ,
B8:27:EB:B9:E4:8B, 2020-12-20 17:01:21, 2020-12-20 17:21:20, -49,       39, (not associated) ,
80:C5:F2:C5:67:CD, 2020-12-20 17:01:22, 2020-12-20 17:21:20, -59,        8, 00:A0:57:3B:59:0E,
76:E6:EF:FF:A2:F7, 2020-12-20 17:20:42, 2020-12-20 17:20:42, -31,        2, (not associated) ,
A6:97:BF:26:D1:DE, 2020-12-20 17:19:54, 2020-12-20 17:19:54, -36,        2, (not associated) ,
00:1B:EA:F2:DD:9F, 2020-12-20 16:59:10, 2020-12-20 17:19:40, -79,     1599, (not associated) ,LANCOM
D8:00:4D:EC:23:2C, 2020-12-20 16:59:46, 2020-12-20 17:19:43, -84,       18, 00:A0:57:3B:59:0E,LANCOM
AE:F6:97:D5:54:46, 2020-12-20 17:17:14, 2020-12-20 17:17:18, -77,        3, 00:25:00:FF:94:73,
2F:78:0D:B7:A0:F7, 2020-12-20 17:17:20, 2020-12-20 17:17:20, -95,        2, (not associated) ,
4E:1E:AB:9B:44:6C, 2020-12-20 17:15:44, 2020-12-20 17:15:44, -37,        2, (not associated) ,
B6:80:39:2D:EB:4B, 2020-12-20 17:14:19, 2020-12-20 17:14:19, -37,        2, (not associated) ,
9A:C2:7B:94:DC:42, 2020-12-20 17:13:55, 2020-12-20 17:13:55, -34,        2, (not associated) ,
F7:17:00:0E:58:12, 2020-12-20 17:04:01, 2020-12-20 17:13:21, -74,        3, 1C:5B:78:28:CA:C3,
02:5B:93:07:DF:AA, 2020-12-20 17:13:04, 2020-12-20 17:13:04, -33,        2, (not associated) ,
9E:7B:B1:BA:EA:0F, 2020-12-20 17:07:40, 2020-12-20 17:07:40, -37,        1, (not associated) ,
59:5B:7E:66:05:A4, 2020-12-20 17:07:04, 2020-12-20 17:07:04, -78,        2, (not associated) ,
92:70:2C:D4:90:9B, 2020-12-20 17:06:45, 2020-12-20 17:06:45, -37,        1, (not associated) ,
00:00:FF:FF:FF:FF, 2020-12-20 17:05:00, 2020-12-20 17:06:20,  -1,        2, FF:FF:38:EA:A7:C8,
A2:2F:E8:46:61:D0, 2020-12-20 17:05:53, 2020-12-20 17:05:53, -38,        2, (not associated) ,
EC:C2:1C:38:2D:DD, 2020-12-20 17:05:16, 2020-12-20 17:05:16, -81,        1, (not associated) ,
62:E6:42:BC:B0:6A, 2020-12-20 17:04:43, 2020-12-20 17:04:43, -40,        2, (not associated) ,
FA:60:24:FC:D8:1B, 2020-12-20 17:04:17, 2020-12-20 17:04:17, -84,        1, (not associated) ,
66:32:1E:3B:2F:2C, 2020-12-20 16:59:17, 2020-12-20 17:01:21, -89,       10, (not associated) ,LANCOM
A6:9C:6A:21:E9:46, 2020-12-20 16:59:05, 2020-12-20 16:59:05, -93,        1, (not associated) ,
16:52:DB:51:BC:92, 2020-12-20 16:58:17, 2020-12-20 16:58:17, -84,        2, (not associated) ,
06:AF:9E:41:07:A6, 2020-12-20 16:58:47, 2020-12-20 16:58:47, -85,        2, (not associated) ,
14:02:62:B3:1A:3E, 2020-12-20 16:59:34, 2020-12-20 16:59:34, -79,        2, (not associated) ,
FA:78:E9:E0:58:7F, 2020-12-20 17:00:51, 2020-12-20 17:00:51, -83,        1, (not associated) ,
26:28:15:49:C1:53, 2020-12-20 17:03:35, 2020-12-20 17:03:35, -38,        2, (not associated) ,
A4:CF:12:13:FC:74, 2020-12-20 17:02:15, 2020-12-20 17:09:27, -86,        7, 00:A0:57:3B:59:0E,
F2:AF:87:22:9D:24, 2020-12-20 17:10:51, 2020-12-20 17:10:51, -46,        2, (not associated) ,
72:86:CA:B2:26:63, 2020-12-20 17:13:34, 2020-12-20 17:13:34, -91,        1, (not associated) ,
3E:D9:FD:45:6B:67, 2020-12-20 17:13:34, 2020-12-20 17:13:34, -90,        1, (not associated) ,
96:91:D3:6B:C6:26, 2020-12-20 17:13:48, 2020-12-20 17:13:48, -95,        1, (not associated) ,
8F:57:29:F0:BC:E1, 2020-12-20 17:15:38, 2020-12-20 17:15:38, -88,        1, (not associated) ,
64:70:33:E4:0E:94, 2020-12-20 17:01:21, 2020-12-20 17:16:13, -90,        9, (not associated) ,LANCOM
8E:FB:C0:FF:2F:B0, 2020-12-20 17:16:58, 2020-12-20 17:16:58, -49,        1, (not associated) ,
38:EA:A7:C8:D8:97, 2020-12-20 17:00:41, 2020-12-20 17:21:39,   0,        6, 00:A0:57:3B:59:0E,
42:51:46:40:2A:15, 2020-12-20 17:21:50, 2020-12-20 17:21:50, -87,        2, (not associated) ,
C8:69:CD:19:75:2A, 2020-12-20 16:57:26, 2020-12-20 17:22:39, -90,       35, 00:A0:57:3B:59:0E,
62:45:B5:01:E7:3D, 2020-12-20 17:23:12, 2020-12-20 17:23:12, -53,        1, (not associated) ,
34:E2:FD:90:5B:2F, 2020-12-20 16:59:22, 2020-12-20 17:24:36, -81,      105, 00:A0:57:3B:59:0E,LANCOM
A2:53:56:6A:F2:B6, 2020-12-20 16:59:48, 2020-12-20 17:24:21, -87,       35, 00:25:00:FF:94:73,
A3:DB:7A:99:FF:00, 2020-12-20 17:24:05, 2020-12-20 17:24:05, -85,        2, (not associated) ,
DC:9B:9C:0B:AD:09, 2020-12-20 17:05:12, 2020-12-20 17:24:32, -79,       42, 00:A0:57:3B:59:0E,LANCOM
00:5B:94:AA:5E:18, 2020-12-20 17:05:23, 2020-12-20 17:24:21, -78,       44, 00:A0:57:3B:59:0E,
00:0E:58:12:1C:5B, 2020-12-20 16:57:23, 2020-12-20 17:24:34, -76,    20408, 78:28:CA:C3:F7:17,Sonos_Cr28BLh2UVPK2bdMZbhZfdUE90
20:DF:B9:7E:8D:D9, 2020-12-20 16:57:57, 2020-12-20 17:23:34, -68,      421, (not associated) ,LANCOM
78:28:CA:C3:F7:17, 2020-12-20 16:57:23, 2020-12-20 17:24:34, -48,      503, 00:0E:58:12:1C:5B,Sonos_Cr28BLh2UVPK2bdMZbhZfdUE90
78:28:CA:C3:F6:E7, 2020-12-20 16:57:23, 2020-12-20 17:24:34, -47,      458, 00:0E:58:12:1C:5B,Sonos_Cr28BLh2UVPK2bdMZbhZfdUE90
Station MAC, First time seen, Last time seen, Power, # packets, BSSID, Probed ESSIDs
Station MAC, First time seen, Last time seen, Power, # packets, BSSID, Probed ESSIDs
Station MAC, First time seen, Last time seen, Power, # packets, BSSID, Probed ESSIDs
Station MAC, First time seen, Last time seen, Power, # packets, BSSID, Probed ESSIDs
Station MAC, First time seen, Last time seen, Power, # packets, BSSID, Probed ESSIDs
Station MAC, First time seen, Last time seen, Power, # packets, BSSID, Probed ESSIDs
0E:D3:FA:C2:C2:31, 2020-12-20 17:55:10, 2020-12-20 17:55:10, -79,        1, (not associated) ,
A4:CF:12:13:FC:74, 2020-12-20 17:54:45, 2020-12-20 17:54:45,  -1,        2, 00:A0:57:3B:59:0E,
9A:95:FA:1E:2D:1C, 2020-12-20 17:54:52, 2020-12-20 17:54:52, -40,        2, (not associated) ,
80:C5:F2:C5:67:CD, 2020-12-20 17:54:45, 2020-12-20 17:54:45, -48,        1, 00:A0:57:3B:59:0E,
20:DF:B9:7E:8D:D9, 2020-12-20 17:55:00, 2020-12-20 17:55:00, -66,       11, (not associated) ,LANCOM
38:EA:A7:C8:D8:97, 2020-12-20 17:54:52, 2020-12-20 17:54:52, -66,       68, 00:A0:57:3B:59:0E,
34:E2:FD:90:5B:2F, 2020-12-20 17:55:00, 2020-12-20 18:12:12, -79,        9, 00:A0:57:3B:59:0E,LANCOM
A6:0E:57:DC:02:04, 2020-12-20 18:11:52, 2020-12-20 18:11:52, -71,        7, (not associated) ,LANCOM
00:0E:58:12:1C:5B, 2020-12-20 17:54:46, 2020-12-20 18:12:18, -69,      715, 78:28:CA:C3:F7:17,Sonos_Cr28BLh2UVPK2bdMZbhZfdUE90
BE:A9:4D:52:DE:41, 2020-12-20 18:11:58, 2020-12-20 18:11:58, -47,        2, (not associated) ,
78:28:CA:C3:F7:17, 2020-12-20 17:54:46, 2020-12-20 18:12:14, -47,       20, 00:0E:58:12:1C:5B,Sonos_Cr28BLh2UVPK2bdMZbhZfdUE90
78:28:CA:C3:F6:E7, 2020-12-20 17:54:46, 2020-12-20 18:12:14, -45,       16, (not associated) ,Sonos_Cr28BLh2UVPK2bdMZbhZfdUE90
:35:7E:9A:3A:DC, 2020-12-20 18:12:34, 2020-12-20 18:12:34, -81,        1, (not associated) ,
Station MAC, First time seen, Last time seen, Power, # packets, BSSID, Probed ESSIDs
Station MAC, First time seen, Last time seen, Power, # packets, BSSID, Probed ESSIDs
Station MAC, First time seen, Last time seen, Power, # packets, BSSID, Probed ESSIDs
Station MAC, First time seen, Last time seen, Power, # packets, BSSID, Probed ESSIDs
Station MAC, First time seen, Last time seen, Power, # packets, BSSID, Probed ESSIDs
Station MAC, First time seen, Last time seen, Power, # packets, BSSID, Probed ESSIDs
Station MAC, First time seen, Last time seen, Power, # packets, BSSID, Probed ESSIDs
Station MAC, First time seen, Last time seen, Power, # packets, BSSID, Probed ESSIDs
Station MAC, First time seen, Last time seen, Power, # packets, BSSID, Probed ESSIDs
00:0E:58:12:1C:5B, 2020-12-22 13:32:53, 2020-12-22 13:32:57, -56,       91, 78:28:CA:C3:F7:17,Sonos_Cr28BLh2UVPK2bdMZbhZfdUE90
78:28:CA:C3:F6:E7, 2020-12-22 13:32:54, 2020-12-22 13:32:57, -40,        4, (not associated) ,Sonos_Cr28BLh2UVPK2bdMZbhZfdUE90
78:28:CA:C3:F7:17, 2020-12-22 13:32:54, 2020-12-22 13:32:57, -38,        4, (not associated) ,Sonos_Cr28BLh2UVPK2bdMZbhZfdUE90
Station MAC, First time seen, Last time seen, Power, # packets, BSSID, Probed ESSIDs
00:0E:58:12:1C:5B, 2020-12-22 13:32:53, 2020-12-22 13:32:57, -56,       91, 78:28:CA:C3:F7:17,Sonos_Cr28BLh2UVPK2bdMZbhZfdUE90
78:28:CA:C3:F6:E7, 2020-12-22 13:32:54, 2020-12-22 13:32:57, -40,        4, (not associated) ,Sonos_Cr28BLh2UVPK2bdMZbhZfdUE90
78:28:CA:C3:F7:17, 2020-12-22 13:32:54, 2020-12-22 13:32:57, -38,        4, (not associated) ,Sonos_Cr28BLh2UVPK2bdMZbhZfdUE90
Station MAC, First time seen, Last time seen, Power, # packets, BSSID, Probed ESSIDs
00:0E:58:12:1C:5B, 2020-12-22 13:32:53, 2020-12-22 13:32:57, -56,       91, 78:28:CA:C3:F7:17,Sonos_Cr28BLh2UVPK2bdMZbhZfdUE90
78:28:CA:C3:F6:E7, 2020-12-22 13:32:54, 2020-12-22 13:32:57, -40,        4, (not associated) ,Sonos_Cr28BLh2UVPK2bdMZbhZfdUE90
78:28:CA:C3:F7:17, 2020-12-22 13:32:54, 2020-12-22 13:32:57, -38,        4, (not associated) ,Sonos_Cr28BLh2UVPK2bdMZbhZfdUE90
Station MAC, First time seen, Last time seen, Power, # packets, BSSID, Probed ESSIDs
00:0E:58:12:1C:5B, 2020-12-22 13:32:53, 2020-12-22 13:32:57, -56,       91, 78:28:CA:C3:F7:17,Sonos_Cr28BLh2UVPK2bdMZbhZfdUE90
78:28:CA:C3:F6:E7, 2020-12-22 13:32:54, 2020-12-22 13:32:57, -40,        4, (not associated) ,Sonos_Cr28BLh2UVPK2bdMZbhZfdUE90
78:28:CA:C3:F7:17, 2020-12-22 13:32:54, 2020-12-22 13:32:57, -38,        4, (not associated) ,Sonos_Cr28BLh2UVPK2bdMZbhZfdUE90
Station MAC, First time seen, Last time seen, Power, # packets, BSSID, Probed ESSIDs
Station MAC, First time seen, Last time seen, Power, # packets, BSSID, Probed ESSIDs
Station MAC, First time seen, Last time seen, Power, # packets, BSSID, Probed ESSIDs
Station MAC, First time seen, Last time seen, Power, # packets, BSSID, Probed ESSIDs
